NodeTag,X_m,Y_m
1,0,0
2,1,0
3,2,0
4,3,0
5,4,0
6,5,0
7,6,0
8,7,0
9,8,0
10,9,0
11,10,0
12,11,0
13,12,0
14,13,0
15,14,0
16,15,0
17,16,0
18,17,0
19,18,0
20,19,0
21,20,0
22,0,1
23,1,1
24,2,1
25,3,1
26,4,1
27,5,1
28,6,1
29,7,1
30,8,1
31,9,1
32,10,1
33,11,1
34,12,1
35,13,1
36,14,1
37,15,1
38,16,1
39,17,1
40,18,1
41,19,1
42,20,1
43,0,2
44,1,2
45,2,2
46,3,2
47,4,2
48,5,2
49,6,2
50,7,2
51,8,2
52,9,2
53,10,2
54,11,2
55,12,2
56,13,2
57,14,2
58,15,2
59,16,2
60,17,2
61,18,2
62,19,2
63,20,2
64,0,3
65,1,3
66,2,3
67,3,3
68,4,3
69,5,3
70,6,3
71,7,3
72,8,3
73,9,3
74,10,3
75,11,3
76,12,3
77,13,3
78,14,3
79,15,3
80,16,3
81,17,3
82,18,3
83,19,3
84,20,3
85,0,4
86,1,4
87,2,4
88,3,4
89,4,4
90,5,4
91,6,4
92,7,4
93,8,4
94,9,4
95,10,4
96,11,4
97,12,4
98,13,4
99,14,4
100,15,4
101,16,4
102,17,4
103,18,4
104,19,4
105,20,4
106,0,5
107,1,5
108,2,5
109,3,5
110,4,5
111,5,5
112,6,5
113,7,5
114,8,5
115,9,5
116,10,5
117,11,5
118,12,5
119,13,5
120,14,5
121,15,5
122,16,5
123,17,5
124,18,5
125,19,5
126,20,5
127,0,6
128,1,6
129,2,6
130,3,6
131,4,6
132,5,6
133,6,6
134,7,6
135,8,6
136,9,6
137,10,6
138,11,6
139,12,6
140,13,6
141,14,6
142,15,6
143,16,6
144,17,6
145,18,6
146,19,6
147,20,6
148,0,7
149,1,7
150,2,7
151,3,7
152,4,7
153,5,7
154,6,7
155,7,7
156,8,7
157,9,7
158,10,7
159,11,7
160,12,7
161,13,7
162,14,7
163,15,7
164,16,7
165,17,7
166,18,7
167,19,7
168,20,7
169,0,8
170,1,8
171,2,8
172,3,8
173,4,8
174,5,8
175,6,8
176,7,8
177,8,8
178,9,8
179,10,8
180,11,8
181,12,8
182,13,8
183,14,8
184,15,8
185,16,8
186,17,8
187,18,8
188,19,8
189,20,8
190,0,9
191,1,9
192,2,9
193,3,9
194,4,9
195,5,9
196,6,9
197,7,9
198,8,9
199,9,9
200,10,9
201,11,9
202,12,9
203,13,9
204,14,9
205,15,9
206,16,9
207,17,9
208,18,9
209,19,9
210,20,9
211,0,10
212,1,10
213,2,10
214,3,10
215,4,10
216,5,10
217,6,10
218,7,10
219,8,10
220,9,10
221,10,10
222,11,10
223,12,10
224,13,10
225,14,10
226,15,10
227,16,10
228,17,10
229,18,10
230,19,10
231,20,10
