Method,Depth_m,Time_s,PorePressure
OpenSeesMatlab,8,0.005,78.48
OpenSeesMatlab,8,0.105,78.4859
OpenSeesMatlab,8,0.205,78.4941
OpenSeesMatlab,8,0.305,78.4999
OpenSeesMatlab,8,0.405,78.5013
OpenSeesMatlab,8,0.505,78.5093
OpenSeesMatlab,8,0.605,78.5129
OpenSeesMatlab,8,0.705,78.5255
OpenSeesMatlab,8,0.805,78.5597
OpenSeesMatlab,8,0.905,78.5733
OpenSeesMatlab,8,1.005,78.6055
OpenSeesMatlab,8,1.105,78.8486
OpenSeesMatlab,8,1.205,79.752
OpenSeesMatlab,8,1.305,80.5218
OpenSeesMatlab,8,1.405,82.6264
OpenSeesMatlab,8,1.505,85.0541
OpenSeesMatlab,8,1.605,86.8829
OpenSeesMatlab,8,1.705,86.9469
OpenSeesMatlab,8,1.805,87.2294
OpenSeesMatlab,8,1.905,86.948
OpenSeesMatlab,8,2.005,86.2121
OpenSeesMatlab,8,2.105,85.8818
OpenSeesMatlab,8,2.205,85.6222
OpenSeesMatlab,8,2.305,85.0972
OpenSeesMatlab,8,2.405,85.0338
OpenSeesMatlab,8,2.505,85.4146
OpenSeesMatlab,8,2.605,85.9645
OpenSeesMatlab,8,2.705,86.8368
OpenSeesMatlab,8,2.805,87.5506
OpenSeesMatlab,8,2.905,89.2666
OpenSeesMatlab,8,3.005,90.8088
OpenSeesMatlab,8,3.105,92.011
OpenSeesMatlab,8,3.205,92.7981
OpenSeesMatlab,8,3.305,92.1417
OpenSeesMatlab,8,3.405,92.3383
OpenSeesMatlab,8,3.505,93.1751
OpenSeesMatlab,8,3.605,92.746
OpenSeesMatlab,8,3.705,92.7467
OpenSeesMatlab,8,3.805,97.721
OpenSeesMatlab,8,3.905,99.4296
OpenSeesMatlab,8,4.005,104.379
OpenSeesMatlab,8,4.105,103.407
OpenSeesMatlab,8,4.205,102.968
OpenSeesMatlab,8,4.305,101.759
OpenSeesMatlab,8,4.405,104.433
OpenSeesMatlab,8,4.505,104.133
OpenSeesMatlab,8,4.605,103.095
OpenSeesMatlab,8,4.705,101.202
OpenSeesMatlab,8,4.805,108.28
OpenSeesMatlab,8,4.905,108.494
OpenSeesMatlab,8,5.005,106.704
OpenSeesMatlab,8,5.105,105.017
OpenSeesMatlab,8,5.205,105.4
OpenSeesMatlab,8,5.305,104.129
OpenSeesMatlab,8,5.405,107.623
OpenSeesMatlab,8,5.505,107.911
OpenSeesMatlab,8,5.605,108.228
OpenSeesMatlab,8,5.705,109.083
OpenSeesMatlab,8,5.805,110.231
OpenSeesMatlab,8,5.905,109.434
OpenSeesMatlab,8,6.005,108.791
OpenSeesMatlab,8,6.105,109.252
OpenSeesMatlab,8,6.205,108.018
OpenSeesMatlab,8,6.305,109.837
OpenSeesMatlab,8,6.405,111.327
OpenSeesMatlab,8,6.505,109.271
OpenSeesMatlab,8,6.605,110.379
OpenSeesMatlab,8,6.705,108.615
OpenSeesMatlab,8,6.805,109.186
OpenSeesMatlab,8,6.905,114.205
OpenSeesMatlab,8,7.005,113.046
OpenSeesMatlab,8,7.105,111.983
OpenSeesMatlab,8,7.205,113.788
OpenSeesMatlab,8,7.305,112.122
OpenSeesMatlab,8,7.405,110.539
OpenSeesMatlab,8,7.505,108.598
OpenSeesMatlab,8,7.605,110.472
OpenSeesMatlab,8,7.705,113.206
OpenSeesMatlab,8,7.805,112.689
OpenSeesMatlab,8,7.905,112.686
OpenSeesMatlab,8,8.005,113.713
OpenSeesMatlab,8,8.105,112.935
OpenSeesMatlab,8,8.205,113.88
OpenSeesMatlab,8,8.305,114.74
OpenSeesMatlab,8,8.405,113.944
OpenSeesMatlab,8,8.505,112.509
OpenSeesMatlab,8,8.605,113.936
OpenSeesMatlab,8,8.705,115.296
OpenSeesMatlab,8,8.805,113.548
OpenSeesMatlab,8,8.905,112.345
OpenSeesMatlab,8,9.005,117.38
OpenSeesMatlab,8,9.105,116.18
OpenSeesMatlab,8,9.205,114.573
OpenSeesMatlab,8,9.305,112.719
OpenSeesMatlab,8,9.405,111.474
OpenSeesMatlab,8,9.505,111.962
OpenSeesMatlab,8,9.605,110.826
OpenSeesMatlab,8,9.705,112.611
OpenSeesMatlab,8,9.805,110.771
OpenSeesMatlab,8,9.905,108.978
OpenSeesMatlab,8,10.005,107.067
OpenSeesMatlab,8,10.105,107.3
OpenSeesMatlab,8,10.205,106.579
OpenSeesMatlab,8,10.305,105.723
OpenSeesMatlab,8,10.405,105.575
OpenSeesMatlab,8,10.505,104.741
OpenSeesMatlab,8,10.605,103.417
OpenSeesMatlab,8,10.705,102.054
OpenSeesMatlab,8,10.805,101.837
OpenSeesMatlab,8,10.905,101.582
OpenSeesMatlab,8,11.005,102.196
OpenSeesMatlab,8,11.105,101.585
OpenSeesMatlab,8,11.205,102.115
OpenSeesMatlab,8,11.305,100.832
OpenSeesMatlab,8,11.405,100.215
OpenSeesMatlab,8,11.505,98.9182
OpenSeesMatlab,8,11.605,97.7834
OpenSeesMatlab,8,11.705,96.9119
OpenSeesMatlab,8,11.805,95.8429
OpenSeesMatlab,8,11.905,94.6659
OpenSeesMatlab,8,12.005,93.9322
OpenSeesMatlab,8,12.105,94.2887
OpenSeesMatlab,8,12.205,93.6801
OpenSeesMatlab,8,12.305,93.4496
OpenSeesMatlab,8,12.405,93.6465
OpenSeesMatlab,8,12.505,93.0549
OpenSeesMatlab,8,12.605,92.1974
OpenSeesMatlab,8,12.705,91.6868
OpenSeesMatlab,8,12.805,91.1525
OpenSeesMatlab,8,12.905,90.3136
OpenSeesMatlab,8,13.005,89.6747
OpenSeesMatlab,8,13.105,89.5452
OpenSeesMatlab,8,13.205,90.1143
OpenSeesMatlab,8,13.305,90.9333
OpenSeesMatlab,8,13.405,91.2013
OpenSeesMatlab,8,13.505,90.899
OpenSeesMatlab,8,13.605,90.8836
OpenSeesMatlab,8,13.705,89.9221
OpenSeesMatlab,8,13.805,88.9115
OpenSeesMatlab,8,13.905,88.0953
OpenSeesMatlab,8,14.005,87.5941
OpenSeesMatlab,8,14.105,87.8446
OpenSeesMatlab,8,14.205,88.9006
OpenSeesMatlab,8,14.305,89.2612
OpenSeesMatlab,8,14.405,89.5894
OpenSeesMatlab,8,14.505,90.5639
OpenSeesMatlab,8,14.605,91.2454
OpenSeesMatlab,8,14.705,90.9217
OpenSeesMatlab,8,14.805,90.4749
OpenSeesMatlab,8,14.905,90.6499
OpenSeesMatlab,8,15.005,90.6515
OpenSeesMatlab,8,15.105,90.4693
OpenSeesMatlab,8,15.205,90.9571
OpenSeesMatlab,8,15.305,90.502
OpenSeesMatlab,8,15.405,89.9046
OpenSeesMatlab,8,15.505,89.3994
OpenSeesMatlab,8,15.605,89.1448
OpenSeesMatlab,8,15.705,88.8699
OpenSeesMatlab,8,15.805,88.4931
OpenSeesMatlab,8,15.905,88.7308
OpenSeesMatlab,8,16.005,89.3897
OpenSeesMatlab,8,16.105,89.3196
OpenSeesMatlab,8,16.205,89.3776
OpenSeesMatlab,8,16.305,89.4361
OpenSeesMatlab,8,16.405,89.1414
OpenSeesMatlab,8,16.505,88.5304
OpenSeesMatlab,8,16.605,87.7534
OpenSeesMatlab,8,16.705,86.9088
OpenSeesMatlab,8,16.805,86.4131
OpenSeesMatlab,8,16.905,85.8331
OpenSeesMatlab,8,17.005,85.4255
OpenSeesMatlab,8,17.105,85.418
OpenSeesMatlab,8,17.205,85.3741
OpenSeesMatlab,8,17.305,85.3896
OpenSeesMatlab,8,17.405,85.6052
OpenSeesMatlab,8,17.505,85.0464
OpenSeesMatlab,8,17.605,84.6627
OpenSeesMatlab,8,17.705,84.2716
OpenSeesMatlab,8,17.805,84.0565
OpenSeesMatlab,8,17.905,83.894
OpenSeesMatlab,8,18.005,84.3785
OpenSeesMatlab,8,18.105,84.9388
OpenSeesMatlab,8,18.205,84.6315
OpenSeesMatlab,8,18.305,84.1326
OpenSeesMatlab,8,18.405,83.5579
OpenSeesMatlab,8,18.505,83.1105
OpenSeesMatlab,8,18.605,82.6414
OpenSeesMatlab,8,18.705,82.2779
OpenSeesMatlab,8,18.805,81.8719
OpenSeesMatlab,8,18.905,81.5173
OpenSeesMatlab,8,19.005,81.1887
OpenSeesMatlab,8,19.105,80.8898
OpenSeesMatlab,8,19.205,80.6222
OpenSeesMatlab,8,19.305,80.3958
OpenSeesMatlab,8,19.405,80.4769
OpenSeesMatlab,8,19.505,80.4934
OpenSeesMatlab,8,19.605,80.8183
OpenSeesMatlab,8,19.705,81.3103
OpenSeesMatlab,8,19.805,81.6763
OpenSeesMatlab,8,19.905,82.054
OpenSeesMatlab,8,20.005,82.0696
OpenSeesMatlab,8,20.105,82.0107
OpenSeesMatlab,8,20.205,82.0285
OpenSeesMatlab,8,20.305,82.095
OpenSeesMatlab,8,20.405,82.102
OpenSeesMatlab,8,20.505,82.0528
OpenSeesMatlab,8,20.605,81.8819
OpenSeesMatlab,8,20.705,81.7162
OpenSeesMatlab,8,20.805,81.6151
OpenSeesMatlab,8,20.905,81.7375
OpenSeesMatlab,8,21.005,82.0071
OpenSeesMatlab,8,21.105,81.8838
OpenSeesMatlab,8,21.205,81.6494
OpenSeesMatlab,8,21.305,81.4234
OpenSeesMatlab,8,21.405,81.1501
OpenSeesMatlab,8,21.505,80.881
OpenSeesMatlab,8,21.605,80.632
OpenSeesMatlab,8,21.705,80.4005
OpenSeesMatlab,8,21.805,80.1895
OpenSeesMatlab,8,21.905,80.0081
OpenSeesMatlab,8,22.005,79.9254
OpenSeesMatlab,8,22.105,79.8664
OpenSeesMatlab,8,22.205,79.8361
OpenSeesMatlab,8,22.305,79.8545
OpenSeesMatlab,8,22.405,79.8752
OpenSeesMatlab,8,22.505,79.8077
OpenSeesMatlab,8,22.605,79.686
OpenSeesMatlab,8,22.705,79.5623
OpenSeesMatlab,8,22.805,79.4663
OpenSeesMatlab,8,22.905,79.411
OpenSeesMatlab,8,23.005,79.3925
OpenSeesMatlab,8,23.105,79.3765
OpenSeesMatlab,8,23.205,79.4253
OpenSeesMatlab,8,23.305,79.523
OpenSeesMatlab,8,23.405,79.7423
OpenSeesMatlab,8,23.505,79.9736
OpenSeesMatlab,8,23.605,80.1936
OpenSeesMatlab,8,23.705,80.4127
OpenSeesMatlab,8,23.805,80.9165
OpenSeesMatlab,8,23.905,81.3717
OpenSeesMatlab,8,24.005,81.7092
OpenSeesMatlab,8,24.105,81.9217
OpenSeesMatlab,8,24.205,81.9293
OpenSeesMatlab,8,24.305,81.8992
OpenSeesMatlab,8,24.405,81.8713
OpenSeesMatlab,8,24.505,81.6897
OpenSeesMatlab,8,24.605,81.4584
OpenSeesMatlab,8,24.705,81.159
OpenSeesMatlab,8,24.805,80.8729
OpenSeesMatlab,8,24.905,80.6419
OpenSeesMatlab,8,25.005,80.4419
OpenSeesMatlab,8,25.105,80.2468
OpenSeesMatlab,8,25.205,80.0657
OpenSeesMatlab,8,25.305,80.1383
OpenSeesMatlab,8,25.405,80.4865
OpenSeesMatlab,8,25.505,80.7644
OpenSeesMatlab,8,25.605,81.1459
OpenSeesMatlab,8,25.705,81.5613
OpenSeesMatlab,8,25.805,81.8723
OpenSeesMatlab,8,25.905,82.1269
OpenSeesMatlab,8,26.005,82.2591
OpenSeesMatlab,8,26.105,82.2568
OpenSeesMatlab,8,26.205,82.2753
OpenSeesMatlab,8,26.305,82.4631
OpenSeesMatlab,8,26.405,82.498
OpenSeesMatlab,8,26.505,82.3629
OpenSeesMatlab,8,26.605,82.2069
OpenSeesMatlab,8,26.705,81.9967
OpenSeesMatlab,8,26.805,81.8203
OpenSeesMatlab,8,26.905,81.7061
OpenSeesMatlab,8,27.005,81.7944
OpenSeesMatlab,8,27.105,81.9334
OpenSeesMatlab,8,27.205,82.0302
OpenSeesMatlab,8,27.305,82.1704
OpenSeesMatlab,8,27.405,82.2933
OpenSeesMatlab,8,27.505,82.3013
OpenSeesMatlab,8,27.605,82.1582
OpenSeesMatlab,8,27.705,81.8272
OpenSeesMatlab,8,27.805,81.4972
OpenSeesMatlab,8,27.905,81.2031
OpenSeesMatlab,8,28.005,80.9118
OpenSeesMatlab,8,28.105,80.6606
OpenSeesMatlab,8,28.205,80.4263
OpenSeesMatlab,8,28.305,80.2121
OpenSeesMatlab,8,28.405,80.0193
OpenSeesMatlab,8,28.505,79.8465
OpenSeesMatlab,8,28.605,79.693
OpenSeesMatlab,8,28.705,79.559
OpenSeesMatlab,8,28.805,79.438
OpenSeesMatlab,8,28.905,79.3297
OpenSeesMatlab,8,29.005,79.2332
OpenSeesMatlab,8,29.105,79.1476
OpenSeesMatlab,8,29.205,79.0914
OpenSeesMatlab,8,29.305,79.0527
OpenSeesMatlab,8,29.405,78.9966
OpenSeesMatlab,8,29.505,78.9424
OpenSeesMatlab,8,29.605,78.8918
OpenSeesMatlab,8,29.705,78.8457
OpenSeesMatlab,8,29.805,78.8043
OpenSeesMatlab,8,29.905,78.7675
OpenSeesMatlab,8,30.005,78.7347
OpenSeesMatlab,8,30.105,78.7057
OpenSeesMatlab,8,30.205,78.6804
OpenSeesMatlab,8,30.305,78.6577
OpenSeesMatlab,8,30.405,78.6394
OpenSeesMatlab,8,30.505,78.6224
OpenSeesMatlab,8,30.605,78.6068
OpenSeesMatlab,8,30.705,78.5926
OpenSeesMatlab,8,30.805,78.5798
OpenSeesMatlab,8,30.905,78.5685
OpenSeesMatlab,8,31.005,78.5584
OpenSeesMatlab,8,31.105,78.5495
OpenSeesMatlab,8,31.205,78.5416
OpenSeesMatlab,8,31.305,78.5345
OpenSeesMatlab,8,31.405,78.5283
OpenSeesMatlab,8,31.505,78.5228
OpenSeesMatlab,8,31.605,78.5179
OpenSeesMatlab,8,31.705,78.5136
OpenSeesMatlab,8,31.805,78.5097
OpenSeesMatlab,8,31.905,78.5064
OpenSeesMatlab,8,32.005,78.5033
OpenSeesMatlab,8,32.105,78.5007
OpenSeesMatlab,8,32.205,78.4983
OpenSeesMatlab,8,32.305,78.4962
OpenSeesMatlab,8,32.405,78.4944
OpenSeesTcl,8,0.005,78.48
OpenSeesTcl,8,0.105,78.4859
OpenSeesTcl,8,0.205,78.4941
OpenSeesTcl,8,0.305,78.4999
OpenSeesTcl,8,0.405,78.5013
OpenSeesTcl,8,0.505,78.5093
OpenSeesTcl,8,0.605,78.5129
OpenSeesTcl,8,0.705,78.5255
OpenSeesTcl,8,0.805,78.5597
OpenSeesTcl,8,0.905,78.5733
OpenSeesTcl,8,1.005,78.6055
OpenSeesTcl,8,1.105,78.8486
OpenSeesTcl,8,1.205,79.752
OpenSeesTcl,8,1.305,80.5218
OpenSeesTcl,8,1.405,82.6264
OpenSeesTcl,8,1.505,85.0541
OpenSeesTcl,8,1.605,86.8829
OpenSeesTcl,8,1.705,86.9469
OpenSeesTcl,8,1.805,87.2294
OpenSeesTcl,8,1.905,86.948
OpenSeesTcl,8,2.005,86.2121
OpenSeesTcl,8,2.105,85.8818
OpenSeesTcl,8,2.205,85.6222
OpenSeesTcl,8,2.305,85.0972
OpenSeesTcl,8,2.405,85.0338
OpenSeesTcl,8,2.505,85.4146
OpenSeesTcl,8,2.605,85.9645
OpenSeesTcl,8,2.705,86.8368
OpenSeesTcl,8,2.805,87.5506
OpenSeesTcl,8,2.905,89.2666
OpenSeesTcl,8,3.005,90.8088
OpenSeesTcl,8,3.105,92.011
OpenSeesTcl,8,3.205,92.7981
OpenSeesTcl,8,3.305,92.1417
OpenSeesTcl,8,3.405,92.3383
OpenSeesTcl,8,3.505,93.1751
OpenSeesTcl,8,3.605,92.746
OpenSeesTcl,8,3.705,92.7467
OpenSeesTcl,8,3.805,97.721
OpenSeesTcl,8,3.905,99.4296
OpenSeesTcl,8,4.005,104.379
OpenSeesTcl,8,4.105,103.407
OpenSeesTcl,8,4.205,102.968
OpenSeesTcl,8,4.305,101.759
OpenSeesTcl,8,4.405,104.433
OpenSeesTcl,8,4.505,104.133
OpenSeesTcl,8,4.605,103.095
OpenSeesTcl,8,4.705,101.202
OpenSeesTcl,8,4.805,108.28
OpenSeesTcl,8,4.905,108.494
OpenSeesTcl,8,5.005,106.704
OpenSeesTcl,8,5.105,105.017
OpenSeesTcl,8,5.205,105.4
OpenSeesTcl,8,5.305,104.129
OpenSeesTcl,8,5.405,107.623
OpenSeesTcl,8,5.505,107.911
OpenSeesTcl,8,5.605,108.228
OpenSeesTcl,8,5.705,109.083
OpenSeesTcl,8,5.805,110.231
OpenSeesTcl,8,5.905,109.434
OpenSeesTcl,8,6.005,108.791
OpenSeesTcl,8,6.105,109.252
OpenSeesTcl,8,6.205,108.018
OpenSeesTcl,8,6.305,109.837
OpenSeesTcl,8,6.405,111.327
OpenSeesTcl,8,6.505,109.271
OpenSeesTcl,8,6.605,110.379
OpenSeesTcl,8,6.705,108.615
OpenSeesTcl,8,6.805,109.186
OpenSeesTcl,8,6.905,114.205
OpenSeesTcl,8,7.005,113.046
OpenSeesTcl,8,7.105,111.983
OpenSeesTcl,8,7.205,113.788
OpenSeesTcl,8,7.305,112.122
OpenSeesTcl,8,7.405,110.539
OpenSeesTcl,8,7.505,108.598
OpenSeesTcl,8,7.605,110.472
OpenSeesTcl,8,7.705,113.206
OpenSeesTcl,8,7.805,112.689
OpenSeesTcl,8,7.905,112.686
OpenSeesTcl,8,8.005,113.713
OpenSeesTcl,8,8.105,112.935
OpenSeesTcl,8,8.205,113.88
OpenSeesTcl,8,8.305,114.74
OpenSeesTcl,8,8.405,113.944
OpenSeesTcl,8,8.505,112.509
OpenSeesTcl,8,8.605,113.936
OpenSeesTcl,8,8.705,115.296
OpenSeesTcl,8,8.805,113.548
OpenSeesTcl,8,8.905,112.345
OpenSeesTcl,8,9.005,117.38
OpenSeesTcl,8,9.105,116.18
OpenSeesTcl,8,9.205,114.573
OpenSeesTcl,8,9.305,112.719
OpenSeesTcl,8,9.405,111.474
OpenSeesTcl,8,9.505,111.962
OpenSeesTcl,8,9.605,110.826
OpenSeesTcl,8,9.705,112.611
OpenSeesTcl,8,9.805,110.771
OpenSeesTcl,8,9.905,108.978
OpenSeesTcl,8,10.005,107.067
OpenSeesTcl,8,10.105,107.3
OpenSeesTcl,8,10.205,106.579
OpenSeesTcl,8,10.305,105.723
OpenSeesTcl,8,10.405,105.575
OpenSeesTcl,8,10.505,104.741
OpenSeesTcl,8,10.605,103.417
OpenSeesTcl,8,10.705,102.054
OpenSeesTcl,8,10.805,101.837
OpenSeesTcl,8,10.905,101.582
OpenSeesTcl,8,11.005,102.196
OpenSeesTcl,8,11.105,101.585
OpenSeesTcl,8,11.205,102.115
OpenSeesTcl,8,11.305,100.832
OpenSeesTcl,8,11.405,100.215
OpenSeesTcl,8,11.505,98.9182
OpenSeesTcl,8,11.605,97.7834
OpenSeesTcl,8,11.705,96.9119
OpenSeesTcl,8,11.805,95.8429
OpenSeesTcl,8,11.905,94.6659
OpenSeesTcl,8,12.005,93.9322
OpenSeesTcl,8,12.105,94.2887
OpenSeesTcl,8,12.205,93.6801
OpenSeesTcl,8,12.305,93.4496
OpenSeesTcl,8,12.405,93.6465
OpenSeesTcl,8,12.505,93.0549
OpenSeesTcl,8,12.605,92.1974
OpenSeesTcl,8,12.705,91.6868
OpenSeesTcl,8,12.805,91.1525
OpenSeesTcl,8,12.905,90.3136
OpenSeesTcl,8,13.005,89.6747
OpenSeesTcl,8,13.105,89.5452
OpenSeesTcl,8,13.205,90.1143
OpenSeesTcl,8,13.305,90.9333
OpenSeesTcl,8,13.405,91.2013
OpenSeesTcl,8,13.505,90.899
OpenSeesTcl,8,13.605,90.8836
OpenSeesTcl,8,13.705,89.9221
OpenSeesTcl,8,13.805,88.9115
OpenSeesTcl,8,13.905,88.0953
OpenSeesTcl,8,14.005,87.5941
OpenSeesTcl,8,14.105,87.8446
OpenSeesTcl,8,14.205,88.9006
OpenSeesTcl,8,14.305,89.2612
OpenSeesTcl,8,14.405,89.5894
OpenSeesTcl,8,14.505,90.5639
OpenSeesTcl,8,14.605,91.2454
OpenSeesTcl,8,14.705,90.9217
OpenSeesTcl,8,14.805,90.4749
OpenSeesTcl,8,14.905,90.6499
OpenSeesTcl,8,15.005,90.6515
OpenSeesTcl,8,15.105,90.4693
OpenSeesTcl,8,15.205,90.9571
OpenSeesTcl,8,15.305,90.502
OpenSeesTcl,8,15.405,89.9046
OpenSeesTcl,8,15.505,89.3994
OpenSeesTcl,8,15.605,89.1448
OpenSeesTcl,8,15.705,88.8699
OpenSeesTcl,8,15.805,88.4931
OpenSeesTcl,8,15.905,88.7308
OpenSeesTcl,8,16.005,89.3897
OpenSeesTcl,8,16.105,89.3196
OpenSeesTcl,8,16.205,89.3776
OpenSeesTcl,8,16.305,89.4361
OpenSeesTcl,8,16.405,89.1414
OpenSeesTcl,8,16.505,88.5304
OpenSeesTcl,8,16.605,87.7534
OpenSeesTcl,8,16.705,86.9088
OpenSeesTcl,8,16.805,86.4131
OpenSeesTcl,8,16.905,85.8331
OpenSeesTcl,8,17.005,85.4255
OpenSeesTcl,8,17.105,85.418
OpenSeesTcl,8,17.205,85.3741
OpenSeesTcl,8,17.305,85.3896
OpenSeesTcl,8,17.405,85.6052
OpenSeesTcl,8,17.505,85.0464
OpenSeesTcl,8,17.605,84.6627
OpenSeesTcl,8,17.705,84.2716
OpenSeesTcl,8,17.805,84.0565
OpenSeesTcl,8,17.905,83.894
OpenSeesTcl,8,18.005,84.3785
OpenSeesTcl,8,18.105,84.9388
OpenSeesTcl,8,18.205,84.6315
OpenSeesTcl,8,18.305,84.1326
OpenSeesTcl,8,18.405,83.5579
OpenSeesTcl,8,18.505,83.1105
OpenSeesTcl,8,18.605,82.6414
OpenSeesTcl,8,18.705,82.2779
OpenSeesTcl,8,18.805,81.8719
OpenSeesTcl,8,18.905,81.5173
OpenSeesTcl,8,19.005,81.1887
OpenSeesTcl,8,19.105,80.8898
OpenSeesTcl,8,19.205,80.6222
OpenSeesTcl,8,19.305,80.3958
OpenSeesTcl,8,19.405,80.4769
OpenSeesTcl,8,19.505,80.4934
OpenSeesTcl,8,19.605,80.8183
OpenSeesTcl,8,19.705,81.3103
OpenSeesTcl,8,19.805,81.6763
OpenSeesTcl,8,19.905,82.054
OpenSeesTcl,8,20.005,82.0696
OpenSeesTcl,8,20.105,82.0107
OpenSeesTcl,8,20.205,82.0285
OpenSeesTcl,8,20.305,82.095
OpenSeesTcl,8,20.405,82.102
OpenSeesTcl,8,20.505,82.0528
OpenSeesTcl,8,20.605,81.8819
OpenSeesTcl,8,20.705,81.7162
OpenSeesTcl,8,20.805,81.6151
OpenSeesTcl,8,20.905,81.7375
OpenSeesTcl,8,21.005,82.0071
OpenSeesTcl,8,21.105,81.8838
OpenSeesTcl,8,21.205,81.6494
OpenSeesTcl,8,21.305,81.4234
OpenSeesTcl,8,21.405,81.1501
OpenSeesTcl,8,21.505,80.881
OpenSeesTcl,8,21.605,80.632
OpenSeesTcl,8,21.705,80.4005
OpenSeesTcl,8,21.805,80.1895
OpenSeesTcl,8,21.905,80.0081
OpenSeesTcl,8,22.005,79.9254
OpenSeesTcl,8,22.105,79.8664
OpenSeesTcl,8,22.205,79.8361
OpenSeesTcl,8,22.305,79.8545
OpenSeesTcl,8,22.405,79.8752
OpenSeesTcl,8,22.505,79.8077
OpenSeesTcl,8,22.605,79.686
OpenSeesTcl,8,22.705,79.5623
OpenSeesTcl,8,22.805,79.4663
OpenSeesTcl,8,22.905,79.411
OpenSeesTcl,8,23.005,79.3925
OpenSeesTcl,8,23.105,79.3765
OpenSeesTcl,8,23.205,79.4253
OpenSeesTcl,8,23.305,79.523
OpenSeesTcl,8,23.405,79.7423
OpenSeesTcl,8,23.505,79.9736
OpenSeesTcl,8,23.605,80.1936
OpenSeesTcl,8,23.705,80.4127
OpenSeesTcl,8,23.805,80.9165
OpenSeesTcl,8,23.905,81.3717
OpenSeesTcl,8,24.005,81.7092
OpenSeesTcl,8,24.105,81.9217
OpenSeesTcl,8,24.205,81.9293
OpenSeesTcl,8,24.305,81.8992
OpenSeesTcl,8,24.405,81.8713
OpenSeesTcl,8,24.505,81.6897
OpenSeesTcl,8,24.605,81.4584
OpenSeesTcl,8,24.705,81.159
OpenSeesTcl,8,24.805,80.8729
OpenSeesTcl,8,24.905,80.6419
OpenSeesTcl,8,25.005,80.4419
OpenSeesTcl,8,25.105,80.2468
OpenSeesTcl,8,25.205,80.0657
OpenSeesTcl,8,25.305,80.1383
OpenSeesTcl,8,25.405,80.4865
OpenSeesTcl,8,25.505,80.7644
OpenSeesTcl,8,25.605,81.1459
OpenSeesTcl,8,25.705,81.5613
OpenSeesTcl,8,25.805,81.8723
OpenSeesTcl,8,25.905,82.1269
OpenSeesTcl,8,26.005,82.2591
OpenSeesTcl,8,26.105,82.2568
OpenSeesTcl,8,26.205,82.2753
OpenSeesTcl,8,26.305,82.4631
OpenSeesTcl,8,26.405,82.498
OpenSeesTcl,8,26.505,82.3629
OpenSeesTcl,8,26.605,82.2069
OpenSeesTcl,8,26.705,81.9967
OpenSeesTcl,8,26.805,81.8203
OpenSeesTcl,8,26.905,81.7061
OpenSeesTcl,8,27.005,81.7944
OpenSeesTcl,8,27.105,81.9334
OpenSeesTcl,8,27.205,82.0302
OpenSeesTcl,8,27.305,82.1704
OpenSeesTcl,8,27.405,82.2933
OpenSeesTcl,8,27.505,82.3013
OpenSeesTcl,8,27.605,82.1582
OpenSeesTcl,8,27.705,81.8272
OpenSeesTcl,8,27.805,81.4972
OpenSeesTcl,8,27.905,81.2031
OpenSeesTcl,8,28.005,80.9118
OpenSeesTcl,8,28.105,80.6606
OpenSeesTcl,8,28.205,80.4263
OpenSeesTcl,8,28.305,80.2121
OpenSeesTcl,8,28.405,80.0193
OpenSeesTcl,8,28.505,79.8465
OpenSeesTcl,8,28.605,79.693
OpenSeesTcl,8,28.705,79.559
OpenSeesTcl,8,28.805,79.438
OpenSeesTcl,8,28.905,79.3297
OpenSeesTcl,8,29.005,79.2332
OpenSeesTcl,8,29.105,79.1476
OpenSeesTcl,8,29.205,79.0914
OpenSeesTcl,8,29.305,79.0527
OpenSeesTcl,8,29.405,78.9966
OpenSeesTcl,8,29.505,78.9424
OpenSeesTcl,8,29.605,78.8918
OpenSeesTcl,8,29.705,78.8457
OpenSeesTcl,8,29.805,78.8043
OpenSeesTcl,8,29.905,78.7675
OpenSeesTcl,8,30.005,78.7347
OpenSeesTcl,8,30.105,78.7057
OpenSeesTcl,8,30.205,78.6804
OpenSeesTcl,8,30.305,78.6577
OpenSeesTcl,8,30.405,78.6394
OpenSeesTcl,8,30.505,78.6224
OpenSeesTcl,8,30.605,78.6068
OpenSeesTcl,8,30.705,78.5926
OpenSeesTcl,8,30.805,78.5798
OpenSeesTcl,8,30.905,78.5685
OpenSeesTcl,8,31.005,78.5584
OpenSeesTcl,8,31.105,78.5495
OpenSeesTcl,8,31.205,78.5416
OpenSeesTcl,8,31.305,78.5345
OpenSeesTcl,8,31.405,78.5283
OpenSeesTcl,8,31.505,78.5228
OpenSeesTcl,8,31.605,78.5179
OpenSeesTcl,8,31.705,78.5136
OpenSeesTcl,8,31.805,78.5097
OpenSeesTcl,8,31.905,78.5064
OpenSeesTcl,8,32.005,78.5033
OpenSeesTcl,8,32.105,78.5007
OpenSeesTcl,8,32.205,78.4983
OpenSeesTcl,8,32.305,78.4962
OpenSeesTcl,8,32.405,78.4944
OpenSeesMatlab,6,0.005,58.86
OpenSeesMatlab,6,0.105,58.8663
OpenSeesMatlab,6,0.205,58.8725
OpenSeesMatlab,6,0.305,58.8781
OpenSeesMatlab,6,0.405,58.8795
OpenSeesMatlab,6,0.505,58.8881
OpenSeesMatlab,6,0.605,58.8906
OpenSeesMatlab,6,0.705,58.9
OpenSeesMatlab,6,0.805,58.9552
OpenSeesMatlab,6,0.905,58.9667
OpenSeesMatlab,6,1.005,58.9853
OpenSeesMatlab,6,1.105,59.2316
OpenSeesMatlab,6,1.205,60.1406
OpenSeesMatlab,6,1.305,60.8581
OpenSeesMatlab,6,1.405,62.5971
OpenSeesMatlab,6,1.505,65.0137
OpenSeesMatlab,6,1.605,66.5077
OpenSeesMatlab,6,1.705,66.7333
OpenSeesMatlab,6,1.805,66.5676
OpenSeesMatlab,6,1.905,66.2614
OpenSeesMatlab,6,2.005,65.6895
OpenSeesMatlab,6,2.105,65.5641
OpenSeesMatlab,6,2.205,65.2788
OpenSeesMatlab,6,2.305,64.7956
OpenSeesMatlab,6,2.405,64.7855
OpenSeesMatlab,6,2.505,65.1123
OpenSeesMatlab,6,2.605,65.8204
OpenSeesMatlab,6,2.705,66.3885
OpenSeesMatlab,6,2.805,66.9675
OpenSeesMatlab,6,2.905,68.4682
OpenSeesMatlab,6,3.005,69.7903
OpenSeesMatlab,6,3.105,70.784
OpenSeesMatlab,6,3.205,71.6008
OpenSeesMatlab,6,3.305,71.1244
OpenSeesMatlab,6,3.405,71.0319
OpenSeesMatlab,6,3.505,71.579
OpenSeesMatlab,6,3.605,71.2447
OpenSeesMatlab,6,3.705,71.1267
OpenSeesMatlab,6,3.805,76.0508
OpenSeesMatlab,6,3.905,77.4279
OpenSeesMatlab,6,4.005,80.6952
OpenSeesMatlab,6,4.105,80.2061
OpenSeesMatlab,6,4.205,80.5835
OpenSeesMatlab,6,4.305,79.5659
OpenSeesMatlab,6,4.405,81.4164
OpenSeesMatlab,6,4.505,80.5759
OpenSeesMatlab,6,4.605,79.4735
OpenSeesMatlab,6,4.705,77.612
OpenSeesMatlab,6,4.805,83.9899
OpenSeesMatlab,6,4.905,84.8758
OpenSeesMatlab,6,5.005,82.621
OpenSeesMatlab,6,5.105,81.7913
OpenSeesMatlab,6,5.205,82.9636
OpenSeesMatlab,6,5.305,81.8643
OpenSeesMatlab,6,5.405,84.3479
OpenSeesMatlab,6,5.505,84.8144
OpenSeesMatlab,6,5.605,84.7278
OpenSeesMatlab,6,5.705,86.5803
OpenSeesMatlab,6,5.805,88.1104
OpenSeesMatlab,6,5.905,86.8001
OpenSeesMatlab,6,6.005,86.7375
OpenSeesMatlab,6,6.105,86.8048
OpenSeesMatlab,6,6.205,85.4202
OpenSeesMatlab,6,6.305,86.0855
OpenSeesMatlab,6,6.405,88.1544
OpenSeesMatlab,6,6.505,85.535
OpenSeesMatlab,6,6.605,86.5113
OpenSeesMatlab,6,6.705,86.3761
OpenSeesMatlab,6,6.805,85.5566
OpenSeesMatlab,6,6.905,91.0361
OpenSeesMatlab,6,7.005,89.3042
OpenSeesMatlab,6,7.105,86.1781
OpenSeesMatlab,6,7.205,89.415
OpenSeesMatlab,6,7.305,88.6771
OpenSeesMatlab,6,7.405,87.2966
OpenSeesMatlab,6,7.505,86.0765
OpenSeesMatlab,6,7.605,86.6236
OpenSeesMatlab,6,7.705,90.4497
OpenSeesMatlab,6,7.805,90.2014
OpenSeesMatlab,6,7.905,90.4513
OpenSeesMatlab,6,8.005,91.3624
OpenSeesMatlab,6,8.105,90.2105
OpenSeesMatlab,6,8.205,91.3979
OpenSeesMatlab,6,8.305,91.1584
OpenSeesMatlab,6,8.405,91.4587
OpenSeesMatlab,6,8.505,89.8104
OpenSeesMatlab,6,8.605,90.9082
OpenSeesMatlab,6,8.705,92.1615
OpenSeesMatlab,6,8.805,90.4569
OpenSeesMatlab,6,8.905,88.0542
OpenSeesMatlab,6,9.005,94.4889
OpenSeesMatlab,6,9.105,93.1092
OpenSeesMatlab,6,9.205,91.8309
OpenSeesMatlab,6,9.305,89.7633
OpenSeesMatlab,6,9.405,88.56
OpenSeesMatlab,6,9.505,88.9528
OpenSeesMatlab,6,9.605,87.6855
OpenSeesMatlab,6,9.705,90.3656
OpenSeesMatlab,6,9.805,88.2896
OpenSeesMatlab,6,9.905,86.564
OpenSeesMatlab,6,10.005,84.7025
OpenSeesMatlab,6,10.105,85.6174
OpenSeesMatlab,6,10.205,85.0362
OpenSeesMatlab,6,10.305,83.9887
OpenSeesMatlab,6,10.405,84.0343
OpenSeesMatlab,6,10.505,83.0365
OpenSeesMatlab,6,10.605,81.7407
OpenSeesMatlab,6,10.705,80.489
OpenSeesMatlab,6,10.805,80.3078
OpenSeesMatlab,6,10.905,80.0333
OpenSeesMatlab,6,11.005,80.9383
OpenSeesMatlab,6,11.105,80.0401
OpenSeesMatlab,6,11.205,80.7614
OpenSeesMatlab,6,11.305,79.2661
OpenSeesMatlab,6,11.405,78.7518
OpenSeesMatlab,6,11.505,77.5135
OpenSeesMatlab,6,11.605,76.2828
OpenSeesMatlab,6,11.705,75.3458
OpenSeesMatlab,6,11.805,74.331
OpenSeesMatlab,6,11.905,73.257
OpenSeesMatlab,6,12.005,72.5307
OpenSeesMatlab,6,12.105,73.0816
OpenSeesMatlab,6,12.205,72.586
OpenSeesMatlab,6,12.305,72.3686
OpenSeesMatlab,6,12.405,72.5225
OpenSeesMatlab,6,12.505,72.1014
OpenSeesMatlab,6,12.605,71.1684
OpenSeesMatlab,6,12.705,70.7596
OpenSeesMatlab,6,12.805,70.1999
OpenSeesMatlab,6,12.905,69.4926
OpenSeesMatlab,6,13.005,68.8592
OpenSeesMatlab,6,13.105,68.7877
OpenSeesMatlab,6,13.205,69.4588
OpenSeesMatlab,6,13.305,70.3631
OpenSeesMatlab,6,13.405,70.6878
OpenSeesMatlab,6,13.505,70.2289
OpenSeesMatlab,6,13.605,70.1639
OpenSeesMatlab,6,13.705,69.1453
OpenSeesMatlab,6,13.805,68.1113
OpenSeesMatlab,6,13.905,67.3931
OpenSeesMatlab,6,14.005,66.9157
OpenSeesMatlab,6,14.105,67.2014
OpenSeesMatlab,6,14.205,68.4661
OpenSeesMatlab,6,14.305,69.0837
OpenSeesMatlab,6,14.405,69.1714
OpenSeesMatlab,6,14.505,70.0391
OpenSeesMatlab,6,14.605,70.8032
OpenSeesMatlab,6,14.705,70.2378
OpenSeesMatlab,6,14.805,69.6505
OpenSeesMatlab,6,14.905,69.9006
OpenSeesMatlab,6,15.005,69.9584
OpenSeesMatlab,6,15.105,69.8098
OpenSeesMatlab,6,15.205,70.3323
OpenSeesMatlab,6,15.305,69.8531
OpenSeesMatlab,6,15.405,69.1958
OpenSeesMatlab,6,15.505,68.7633
OpenSeesMatlab,6,15.605,68.5342
OpenSeesMatlab,6,15.705,68.2924
OpenSeesMatlab,6,15.805,67.9748
OpenSeesMatlab,6,15.905,68.2986
OpenSeesMatlab,6,16.005,69.0032
OpenSeesMatlab,6,16.105,68.8422
OpenSeesMatlab,6,16.205,68.8008
OpenSeesMatlab,6,16.305,68.9149
OpenSeesMatlab,6,16.405,68.6169
OpenSeesMatlab,6,16.505,67.9777
OpenSeesMatlab,6,16.605,67.1724
OpenSeesMatlab,6,16.705,66.3492
OpenSeesMatlab,6,16.805,65.884
OpenSeesMatlab,6,16.905,65.4071
OpenSeesMatlab,6,17.005,65.0514
OpenSeesMatlab,6,17.105,65.1451
OpenSeesMatlab,6,17.205,65.104
OpenSeesMatlab,6,17.305,65.0861
OpenSeesMatlab,6,17.405,65.2841
OpenSeesMatlab,6,17.505,64.6958
OpenSeesMatlab,6,17.605,64.3833
OpenSeesMatlab,6,17.705,64.0512
OpenSeesMatlab,6,17.805,63.8604
OpenSeesMatlab,6,17.905,63.7226
OpenSeesMatlab,6,18.005,64.2637
OpenSeesMatlab,6,18.105,64.8624
OpenSeesMatlab,6,18.205,64.4451
OpenSeesMatlab,6,18.305,63.8792
OpenSeesMatlab,6,18.405,63.3289
OpenSeesMatlab,6,18.505,62.9469
OpenSeesMatlab,6,18.605,62.4972
OpenSeesMatlab,6,18.705,62.196
OpenSeesMatlab,6,18.805,61.8404
OpenSeesMatlab,6,18.905,61.5208
OpenSeesMatlab,6,19.005,61.2246
OpenSeesMatlab,6,19.105,60.9613
OpenSeesMatlab,6,19.205,60.7265
OpenSeesMatlab,6,19.305,60.5355
OpenSeesMatlab,6,19.405,60.6249
OpenSeesMatlab,6,19.505,60.6904
OpenSeesMatlab,6,19.605,60.9799
OpenSeesMatlab,6,19.705,61.4929
OpenSeesMatlab,6,19.805,61.891
OpenSeesMatlab,6,19.905,62.2242
OpenSeesMatlab,6,20.005,62.231
OpenSeesMatlab,6,20.105,62.0265
OpenSeesMatlab,6,20.205,62.0645
OpenSeesMatlab,6,20.305,62.1836
OpenSeesMatlab,6,20.405,62.2106
OpenSeesMatlab,6,20.505,62.1262
OpenSeesMatlab,6,20.605,61.9781
OpenSeesMatlab,6,20.705,61.8001
OpenSeesMatlab,6,20.805,61.7031
OpenSeesMatlab,6,20.905,61.823
OpenSeesMatlab,6,21.005,62.0598
OpenSeesMatlab,6,21.105,61.9251
OpenSeesMatlab,6,21.205,61.7003
OpenSeesMatlab,6,21.305,61.4597
OpenSeesMatlab,6,21.405,61.228
OpenSeesMatlab,6,21.505,60.9791
OpenSeesMatlab,6,21.605,60.7485
OpenSeesMatlab,6,21.705,60.5406
OpenSeesMatlab,6,21.805,60.3517
OpenSeesMatlab,6,21.905,60.1895
OpenSeesMatlab,6,22.005,60.1571
OpenSeesMatlab,6,22.105,60.1369
OpenSeesMatlab,6,22.205,60.1196
OpenSeesMatlab,6,22.305,60.1512
OpenSeesMatlab,6,22.405,60.1291
OpenSeesMatlab,6,22.505,60.0686
OpenSeesMatlab,6,22.605,59.9341
OpenSeesMatlab,6,22.705,59.8127
OpenSeesMatlab,6,22.805,59.719
OpenSeesMatlab,6,22.905,59.7159
OpenSeesMatlab,6,23.005,59.7157
OpenSeesMatlab,6,23.105,59.7224
OpenSeesMatlab,6,23.205,59.7806
OpenSeesMatlab,6,23.305,59.8845
OpenSeesMatlab,6,23.405,60.0875
OpenSeesMatlab,6,23.505,60.333
OpenSeesMatlab,6,23.605,60.5149
OpenSeesMatlab,6,23.705,60.7353
OpenSeesMatlab,6,23.805,61.1664
OpenSeesMatlab,6,23.905,61.6129
OpenSeesMatlab,6,24.005,61.9325
OpenSeesMatlab,6,24.105,62.129
OpenSeesMatlab,6,24.205,62.1013
OpenSeesMatlab,6,24.305,62.0551
OpenSeesMatlab,6,24.405,61.9698
OpenSeesMatlab,6,24.505,61.7433
OpenSeesMatlab,6,24.605,61.5213
OpenSeesMatlab,6,24.705,61.2213
OpenSeesMatlab,6,24.805,60.955
OpenSeesMatlab,6,24.905,60.7469
OpenSeesMatlab,6,25.005,60.6141
OpenSeesMatlab,6,25.105,60.4236
OpenSeesMatlab,6,25.205,60.2657
OpenSeesMatlab,6,25.305,60.3934
OpenSeesMatlab,6,25.405,60.7636
OpenSeesMatlab,6,25.505,61.0466
OpenSeesMatlab,6,25.605,61.4287
OpenSeesMatlab,6,25.705,61.7684
OpenSeesMatlab,6,25.805,62.039
OpenSeesMatlab,6,25.905,62.2718
OpenSeesMatlab,6,26.005,62.3836
OpenSeesMatlab,6,26.105,62.3886
OpenSeesMatlab,6,26.205,62.3848
OpenSeesMatlab,6,26.305,62.514
OpenSeesMatlab,6,26.405,62.543
OpenSeesMatlab,6,26.505,62.404
OpenSeesMatlab,6,26.605,62.2515
OpenSeesMatlab,6,26.705,62.0498
OpenSeesMatlab,6,26.805,61.8915
OpenSeesMatlab,6,26.905,61.8135
OpenSeesMatlab,6,27.005,61.9259
OpenSeesMatlab,6,27.105,62.1101
OpenSeesMatlab,6,27.205,62.2276
OpenSeesMatlab,6,27.305,62.3019
OpenSeesMatlab,6,27.405,62.3683
OpenSeesMatlab,6,27.505,62.3728
OpenSeesMatlab,6,27.605,62.2043
OpenSeesMatlab,6,27.705,61.8512
OpenSeesMatlab,6,27.805,61.5217
OpenSeesMatlab,6,27.905,61.2686
OpenSeesMatlab,6,28.005,60.9906
OpenSeesMatlab,6,28.105,60.777
OpenSeesMatlab,6,28.205,60.5647
OpenSeesMatlab,6,28.305,60.3733
OpenSeesMatlab,6,28.405,60.2021
OpenSeesMatlab,6,28.505,60.05
OpenSeesMatlab,6,28.605,59.9195
OpenSeesMatlab,6,28.705,59.8009
OpenSeesMatlab,6,28.805,59.6943
OpenSeesMatlab,6,28.905,59.5996
OpenSeesMatlab,6,29.005,59.5154
OpenSeesMatlab,6,29.105,59.4408
OpenSeesMatlab,6,29.205,59.4047
OpenSeesMatlab,6,29.305,59.3733
OpenSeesMatlab,6,29.405,59.3161
OpenSeesMatlab,6,29.505,59.2654
OpenSeesMatlab,6,29.605,59.2195
OpenSeesMatlab,6,29.705,59.1786
OpenSeesMatlab,6,29.805,59.1423
OpenSeesMatlab,6,29.905,59.1101
OpenSeesMatlab,6,30.005,59.0816
OpenSeesMatlab,6,30.105,59.0563
OpenSeesMatlab,6,30.205,59.0353
OpenSeesMatlab,6,30.305,59.016
OpenSeesMatlab,6,30.405,58.9998
OpenSeesMatlab,6,30.505,58.9851
OpenSeesMatlab,6,30.605,58.9709
OpenSeesMatlab,6,30.705,58.9582
OpenSeesMatlab,6,30.805,58.9469
OpenSeesMatlab,6,30.905,58.937
OpenSeesMatlab,6,31.005,58.9282
OpenSeesMatlab,6,31.105,58.9204
OpenSeesMatlab,6,31.205,58.9135
OpenSeesMatlab,6,31.305,58.9074
OpenSeesMatlab,6,31.405,58.902
OpenSeesMatlab,6,31.505,58.8972
OpenSeesMatlab,6,31.605,58.893
OpenSeesMatlab,6,31.705,58.8892
OpenSeesMatlab,6,31.805,58.8859
OpenSeesMatlab,6,31.905,58.8829
OpenSeesMatlab,6,32.005,58.8803
OpenSeesMatlab,6,32.105,58.878
OpenSeesMatlab,6,32.205,58.8759
OpenSeesMatlab,6,32.305,58.8741
OpenSeesMatlab,6,32.405,58.8725
OpenSeesTcl,6,0.005,58.86
OpenSeesTcl,6,0.105,58.8663
OpenSeesTcl,6,0.205,58.8725
OpenSeesTcl,6,0.305,58.8781
OpenSeesTcl,6,0.405,58.8795
OpenSeesTcl,6,0.505,58.8881
OpenSeesTcl,6,0.605,58.8906
OpenSeesTcl,6,0.705,58.9
OpenSeesTcl,6,0.805,58.9552
OpenSeesTcl,6,0.905,58.9667
OpenSeesTcl,6,1.005,58.9853
OpenSeesTcl,6,1.105,59.2316
OpenSeesTcl,6,1.205,60.1406
OpenSeesTcl,6,1.305,60.8581
OpenSeesTcl,6,1.405,62.5971
OpenSeesTcl,6,1.505,65.0137
OpenSeesTcl,6,1.605,66.5077
OpenSeesTcl,6,1.705,66.7333
OpenSeesTcl,6,1.805,66.5676
OpenSeesTcl,6,1.905,66.2614
OpenSeesTcl,6,2.005,65.6895
OpenSeesTcl,6,2.105,65.5641
OpenSeesTcl,6,2.205,65.2788
OpenSeesTcl,6,2.305,64.7956
OpenSeesTcl,6,2.405,64.7855
OpenSeesTcl,6,2.505,65.1123
OpenSeesTcl,6,2.605,65.8204
OpenSeesTcl,6,2.705,66.3885
OpenSeesTcl,6,2.805,66.9675
OpenSeesTcl,6,2.905,68.4682
OpenSeesTcl,6,3.005,69.7903
OpenSeesTcl,6,3.105,70.784
OpenSeesTcl,6,3.205,71.6008
OpenSeesTcl,6,3.305,71.1244
OpenSeesTcl,6,3.405,71.0319
OpenSeesTcl,6,3.505,71.579
OpenSeesTcl,6,3.605,71.2447
OpenSeesTcl,6,3.705,71.1267
OpenSeesTcl,6,3.805,76.0508
OpenSeesTcl,6,3.905,77.4279
OpenSeesTcl,6,4.005,80.6952
OpenSeesTcl,6,4.105,80.2061
OpenSeesTcl,6,4.205,80.5835
OpenSeesTcl,6,4.305,79.5659
OpenSeesTcl,6,4.405,81.4164
OpenSeesTcl,6,4.505,80.5759
OpenSeesTcl,6,4.605,79.4735
OpenSeesTcl,6,4.705,77.612
OpenSeesTcl,6,4.805,83.9899
OpenSeesTcl,6,4.905,84.8758
OpenSeesTcl,6,5.005,82.621
OpenSeesTcl,6,5.105,81.7913
OpenSeesTcl,6,5.205,82.9636
OpenSeesTcl,6,5.305,81.8643
OpenSeesTcl,6,5.405,84.3479
OpenSeesTcl,6,5.505,84.8144
OpenSeesTcl,6,5.605,84.7278
OpenSeesTcl,6,5.705,86.5803
OpenSeesTcl,6,5.805,88.1104
OpenSeesTcl,6,5.905,86.8001
OpenSeesTcl,6,6.005,86.7375
OpenSeesTcl,6,6.105,86.8048
OpenSeesTcl,6,6.205,85.4202
OpenSeesTcl,6,6.305,86.0855
OpenSeesTcl,6,6.405,88.1544
OpenSeesTcl,6,6.505,85.535
OpenSeesTcl,6,6.605,86.5113
OpenSeesTcl,6,6.705,86.3761
OpenSeesTcl,6,6.805,85.5566
OpenSeesTcl,6,6.905,91.0361
OpenSeesTcl,6,7.005,89.3042
OpenSeesTcl,6,7.105,86.1781
OpenSeesTcl,6,7.205,89.415
OpenSeesTcl,6,7.305,88.6771
OpenSeesTcl,6,7.405,87.2966
OpenSeesTcl,6,7.505,86.0765
OpenSeesTcl,6,7.605,86.6236
OpenSeesTcl,6,7.705,90.4497
OpenSeesTcl,6,7.805,90.2014
OpenSeesTcl,6,7.905,90.4513
OpenSeesTcl,6,8.005,91.3624
OpenSeesTcl,6,8.105,90.2105
OpenSeesTcl,6,8.205,91.3979
OpenSeesTcl,6,8.305,91.1584
OpenSeesTcl,6,8.405,91.4587
OpenSeesTcl,6,8.505,89.8104
OpenSeesTcl,6,8.605,90.9082
OpenSeesTcl,6,8.705,92.1615
OpenSeesTcl,6,8.805,90.4569
OpenSeesTcl,6,8.905,88.0542
OpenSeesTcl,6,9.005,94.4889
OpenSeesTcl,6,9.105,93.1092
OpenSeesTcl,6,9.205,91.8309
OpenSeesTcl,6,9.305,89.7633
OpenSeesTcl,6,9.405,88.56
OpenSeesTcl,6,9.505,88.9528
OpenSeesTcl,6,9.605,87.6855
OpenSeesTcl,6,9.705,90.3656
OpenSeesTcl,6,9.805,88.2896
OpenSeesTcl,6,9.905,86.564
OpenSeesTcl,6,10.005,84.7025
OpenSeesTcl,6,10.105,85.6174
OpenSeesTcl,6,10.205,85.0362
OpenSeesTcl,6,10.305,83.9887
OpenSeesTcl,6,10.405,84.0343
OpenSeesTcl,6,10.505,83.0365
OpenSeesTcl,6,10.605,81.7407
OpenSeesTcl,6,10.705,80.489
OpenSeesTcl,6,10.805,80.3078
OpenSeesTcl,6,10.905,80.0333
OpenSeesTcl,6,11.005,80.9383
OpenSeesTcl,6,11.105,80.0401
OpenSeesTcl,6,11.205,80.7614
OpenSeesTcl,6,11.305,79.2661
OpenSeesTcl,6,11.405,78.7518
OpenSeesTcl,6,11.505,77.5135
OpenSeesTcl,6,11.605,76.2828
OpenSeesTcl,6,11.705,75.3458
OpenSeesTcl,6,11.805,74.331
OpenSeesTcl,6,11.905,73.257
OpenSeesTcl,6,12.005,72.5307
OpenSeesTcl,6,12.105,73.0816
OpenSeesTcl,6,12.205,72.586
OpenSeesTcl,6,12.305,72.3686
OpenSeesTcl,6,12.405,72.5225
OpenSeesTcl,6,12.505,72.1014
OpenSeesTcl,6,12.605,71.1684
OpenSeesTcl,6,12.705,70.7596
OpenSeesTcl,6,12.805,70.1999
OpenSeesTcl,6,12.905,69.4926
OpenSeesTcl,6,13.005,68.8592
OpenSeesTcl,6,13.105,68.7877
OpenSeesTcl,6,13.205,69.4588
OpenSeesTcl,6,13.305,70.3631
OpenSeesTcl,6,13.405,70.6878
OpenSeesTcl,6,13.505,70.2289
OpenSeesTcl,6,13.605,70.1639
OpenSeesTcl,6,13.705,69.1453
OpenSeesTcl,6,13.805,68.1113
OpenSeesTcl,6,13.905,67.3931
OpenSeesTcl,6,14.005,66.9157
OpenSeesTcl,6,14.105,67.2014
OpenSeesTcl,6,14.205,68.4661
OpenSeesTcl,6,14.305,69.0837
OpenSeesTcl,6,14.405,69.1714
OpenSeesTcl,6,14.505,70.0391
OpenSeesTcl,6,14.605,70.8032
OpenSeesTcl,6,14.705,70.2378
OpenSeesTcl,6,14.805,69.6505
OpenSeesTcl,6,14.905,69.9006
OpenSeesTcl,6,15.005,69.9584
OpenSeesTcl,6,15.105,69.8098
OpenSeesTcl,6,15.205,70.3323
OpenSeesTcl,6,15.305,69.8531
OpenSeesTcl,6,15.405,69.1958
OpenSeesTcl,6,15.505,68.7633
OpenSeesTcl,6,15.605,68.5342
OpenSeesTcl,6,15.705,68.2924
OpenSeesTcl,6,15.805,67.9748
OpenSeesTcl,6,15.905,68.2986
OpenSeesTcl,6,16.005,69.0032
OpenSeesTcl,6,16.105,68.8422
OpenSeesTcl,6,16.205,68.8008
OpenSeesTcl,6,16.305,68.9149
OpenSeesTcl,6,16.405,68.6169
OpenSeesTcl,6,16.505,67.9777
OpenSeesTcl,6,16.605,67.1724
OpenSeesTcl,6,16.705,66.3492
OpenSeesTcl,6,16.805,65.884
OpenSeesTcl,6,16.905,65.4071
OpenSeesTcl,6,17.005,65.0514
OpenSeesTcl,6,17.105,65.1451
OpenSeesTcl,6,17.205,65.104
OpenSeesTcl,6,17.305,65.0861
OpenSeesTcl,6,17.405,65.2841
OpenSeesTcl,6,17.505,64.6958
OpenSeesTcl,6,17.605,64.3833
OpenSeesTcl,6,17.705,64.0512
OpenSeesTcl,6,17.805,63.8604
OpenSeesTcl,6,17.905,63.7226
OpenSeesTcl,6,18.005,64.2637
OpenSeesTcl,6,18.105,64.8624
OpenSeesTcl,6,18.205,64.4451
OpenSeesTcl,6,18.305,63.8792
OpenSeesTcl,6,18.405,63.3289
OpenSeesTcl,6,18.505,62.9469
OpenSeesTcl,6,18.605,62.4972
OpenSeesTcl,6,18.705,62.196
OpenSeesTcl,6,18.805,61.8404
OpenSeesTcl,6,18.905,61.5208
OpenSeesTcl,6,19.005,61.2246
OpenSeesTcl,6,19.105,60.9613
OpenSeesTcl,6,19.205,60.7265
OpenSeesTcl,6,19.305,60.5355
OpenSeesTcl,6,19.405,60.6249
OpenSeesTcl,6,19.505,60.6904
OpenSeesTcl,6,19.605,60.9799
OpenSeesTcl,6,19.705,61.4929
OpenSeesTcl,6,19.805,61.891
OpenSeesTcl,6,19.905,62.2242
OpenSeesTcl,6,20.005,62.231
OpenSeesTcl,6,20.105,62.0265
OpenSeesTcl,6,20.205,62.0645
OpenSeesTcl,6,20.305,62.1836
OpenSeesTcl,6,20.405,62.2106
OpenSeesTcl,6,20.505,62.1262
OpenSeesTcl,6,20.605,61.9781
OpenSeesTcl,6,20.705,61.8001
OpenSeesTcl,6,20.805,61.7031
OpenSeesTcl,6,20.905,61.823
OpenSeesTcl,6,21.005,62.0598
OpenSeesTcl,6,21.105,61.9251
OpenSeesTcl,6,21.205,61.7003
OpenSeesTcl,6,21.305,61.4597
OpenSeesTcl,6,21.405,61.228
OpenSeesTcl,6,21.505,60.9791
OpenSeesTcl,6,21.605,60.7485
OpenSeesTcl,6,21.705,60.5406
OpenSeesTcl,6,21.805,60.3517
OpenSeesTcl,6,21.905,60.1895
OpenSeesTcl,6,22.005,60.1571
OpenSeesTcl,6,22.105,60.1369
OpenSeesTcl,6,22.205,60.1196
OpenSeesTcl,6,22.305,60.1512
OpenSeesTcl,6,22.405,60.1291
OpenSeesTcl,6,22.505,60.0686
OpenSeesTcl,6,22.605,59.9341
OpenSeesTcl,6,22.705,59.8127
OpenSeesTcl,6,22.805,59.719
OpenSeesTcl,6,22.905,59.7159
OpenSeesTcl,6,23.005,59.7157
OpenSeesTcl,6,23.105,59.7224
OpenSeesTcl,6,23.205,59.7806
OpenSeesTcl,6,23.305,59.8845
OpenSeesTcl,6,23.405,60.0875
OpenSeesTcl,6,23.505,60.333
OpenSeesTcl,6,23.605,60.5149
OpenSeesTcl,6,23.705,60.7353
OpenSeesTcl,6,23.805,61.1664
OpenSeesTcl,6,23.905,61.6129
OpenSeesTcl,6,24.005,61.9325
OpenSeesTcl,6,24.105,62.129
OpenSeesTcl,6,24.205,62.1013
OpenSeesTcl,6,24.305,62.0551
OpenSeesTcl,6,24.405,61.9698
OpenSeesTcl,6,24.505,61.7433
OpenSeesTcl,6,24.605,61.5213
OpenSeesTcl,6,24.705,61.2213
OpenSeesTcl,6,24.805,60.955
OpenSeesTcl,6,24.905,60.7469
OpenSeesTcl,6,25.005,60.6141
OpenSeesTcl,6,25.105,60.4236
OpenSeesTcl,6,25.205,60.2657
OpenSeesTcl,6,25.305,60.3934
OpenSeesTcl,6,25.405,60.7636
OpenSeesTcl,6,25.505,61.0466
OpenSeesTcl,6,25.605,61.4287
OpenSeesTcl,6,25.705,61.7684
OpenSeesTcl,6,25.805,62.039
OpenSeesTcl,6,25.905,62.2718
OpenSeesTcl,6,26.005,62.3836
OpenSeesTcl,6,26.105,62.3886
OpenSeesTcl,6,26.205,62.3848
OpenSeesTcl,6,26.305,62.514
OpenSeesTcl,6,26.405,62.543
OpenSeesTcl,6,26.505,62.404
OpenSeesTcl,6,26.605,62.2515
OpenSeesTcl,6,26.705,62.0498
OpenSeesTcl,6,26.805,61.8915
OpenSeesTcl,6,26.905,61.8135
OpenSeesTcl,6,27.005,61.9259
OpenSeesTcl,6,27.105,62.1101
OpenSeesTcl,6,27.205,62.2276
OpenSeesTcl,6,27.305,62.3019
OpenSeesTcl,6,27.405,62.3683
OpenSeesTcl,6,27.505,62.3728
OpenSeesTcl,6,27.605,62.2043
OpenSeesTcl,6,27.705,61.8512
OpenSeesTcl,6,27.805,61.5217
OpenSeesTcl,6,27.905,61.2686
OpenSeesTcl,6,28.005,60.9906
OpenSeesTcl,6,28.105,60.777
OpenSeesTcl,6,28.205,60.5647
OpenSeesTcl,6,28.305,60.3733
OpenSeesTcl,6,28.405,60.2021
OpenSeesTcl,6,28.505,60.05
OpenSeesTcl,6,28.605,59.9195
OpenSeesTcl,6,28.705,59.8009
OpenSeesTcl,6,28.805,59.6943
OpenSeesTcl,6,28.905,59.5996
OpenSeesTcl,6,29.005,59.5154
OpenSeesTcl,6,29.105,59.4408
OpenSeesTcl,6,29.205,59.4047
OpenSeesTcl,6,29.305,59.3733
OpenSeesTcl,6,29.405,59.3161
OpenSeesTcl,6,29.505,59.2654
OpenSeesTcl,6,29.605,59.2195
OpenSeesTcl,6,29.705,59.1786
OpenSeesTcl,6,29.805,59.1423
OpenSeesTcl,6,29.905,59.1101
OpenSeesTcl,6,30.005,59.0816
OpenSeesTcl,6,30.105,59.0563
OpenSeesTcl,6,30.205,59.0353
OpenSeesTcl,6,30.305,59.016
OpenSeesTcl,6,30.405,58.9998
OpenSeesTcl,6,30.505,58.9851
OpenSeesTcl,6,30.605,58.9709
OpenSeesTcl,6,30.705,58.9582
OpenSeesTcl,6,30.805,58.9469
OpenSeesTcl,6,30.905,58.937
OpenSeesTcl,6,31.005,58.9282
OpenSeesTcl,6,31.105,58.9204
OpenSeesTcl,6,31.205,58.9135
OpenSeesTcl,6,31.305,58.9074
OpenSeesTcl,6,31.405,58.902
OpenSeesTcl,6,31.505,58.8972
OpenSeesTcl,6,31.605,58.893
OpenSeesTcl,6,31.705,58.8892
OpenSeesTcl,6,31.805,58.8859
OpenSeesTcl,6,31.905,58.8829
OpenSeesTcl,6,32.005,58.8803
OpenSeesTcl,6,32.105,58.878
OpenSeesTcl,6,32.205,58.8759
OpenSeesTcl,6,32.305,58.8741
OpenSeesTcl,6,32.405,58.8725
OpenSeesMatlab,4,0.005,39.24
OpenSeesMatlab,4,0.105,39.2467
OpenSeesMatlab,4,0.205,39.2506
OpenSeesMatlab,4,0.305,39.255
OpenSeesMatlab,4,0.405,39.256
OpenSeesMatlab,4,0.505,39.2657
OpenSeesMatlab,4,0.605,39.2649
OpenSeesMatlab,4,0.705,39.2692
OpenSeesMatlab,4,0.805,39.3603
OpenSeesMatlab,4,0.905,39.3618
OpenSeesMatlab,4,1.005,39.3529
OpenSeesMatlab,4,1.105,39.5511
OpenSeesMatlab,4,1.205,40.2707
OpenSeesMatlab,4,1.305,40.9721
OpenSeesMatlab,4,1.405,42.2472
OpenSeesMatlab,4,1.505,44.3292
OpenSeesMatlab,4,1.605,45.1988
OpenSeesMatlab,4,1.705,45.8632
OpenSeesMatlab,4,1.805,45.2451
OpenSeesMatlab,4,1.905,44.8864
OpenSeesMatlab,4,2.005,44.5902
OpenSeesMatlab,4,2.105,44.7287
OpenSeesMatlab,4,2.205,44.3278
OpenSeesMatlab,4,2.305,43.9051
OpenSeesMatlab,4,2.405,43.9938
OpenSeesMatlab,4,2.505,44.2768
OpenSeesMatlab,4,2.605,44.8658
OpenSeesMatlab,4,2.705,45.0574
OpenSeesMatlab,4,2.805,45.7554
OpenSeesMatlab,4,2.905,46.3775
OpenSeesMatlab,4,3.005,47.4291
OpenSeesMatlab,4,3.105,48.2283
OpenSeesMatlab,4,3.205,49.067
OpenSeesMatlab,4,3.305,48.9356
OpenSeesMatlab,4,3.405,48.631
OpenSeesMatlab,4,3.505,48.8685
OpenSeesMatlab,4,3.605,48.6258
OpenSeesMatlab,4,3.705,48.4168
OpenSeesMatlab,4,3.805,51.6953
OpenSeesMatlab,4,3.905,53.1428
OpenSeesMatlab,4,4.005,54.8292
OpenSeesMatlab,4,4.105,54.9975
OpenSeesMatlab,4,4.205,55.853
OpenSeesMatlab,4,4.305,55.1135
OpenSeesMatlab,4,4.405,56.109
OpenSeesMatlab,4,4.505,55.3615
OpenSeesMatlab,4,4.605,53.9392
OpenSeesMatlab,4,4.705,52.5324
OpenSeesMatlab,4,4.805,57.0651
OpenSeesMatlab,4,4.905,58.2229
OpenSeesMatlab,4,5.005,56.954
OpenSeesMatlab,4,5.105,56.2374
OpenSeesMatlab,4,5.205,57.8497
OpenSeesMatlab,4,5.305,57.2175
OpenSeesMatlab,4,5.405,58.1706
OpenSeesMatlab,4,5.505,59.2203
OpenSeesMatlab,4,5.605,59.172
OpenSeesMatlab,4,5.705,61.1076
OpenSeesMatlab,4,5.805,61.052
OpenSeesMatlab,4,5.905,61.2451
OpenSeesMatlab,4,6.005,61.5709
OpenSeesMatlab,4,6.105,61.5617
OpenSeesMatlab,4,6.205,60.3253
OpenSeesMatlab,4,6.305,59.0801
OpenSeesMatlab,4,6.405,61.8715
OpenSeesMatlab,4,6.505,58.4127
OpenSeesMatlab,4,6.605,59.207
OpenSeesMatlab,4,6.705,60.5161
OpenSeesMatlab,4,6.805,58.6373
OpenSeesMatlab,4,6.905,64.1265
OpenSeesMatlab,4,7.005,63.1713
OpenSeesMatlab,4,7.105,57.335
OpenSeesMatlab,4,7.205,60.5685
OpenSeesMatlab,4,7.305,62.2261
OpenSeesMatlab,4,7.405,61.2522
OpenSeesMatlab,4,7.505,60.9146
OpenSeesMatlab,4,7.605,60.6887
OpenSeesMatlab,4,7.705,63.7304
OpenSeesMatlab,4,7.805,63.1217
OpenSeesMatlab,4,7.905,64.8456
OpenSeesMatlab,4,8.005,65.8222
OpenSeesMatlab,4,8.105,64.2817
OpenSeesMatlab,4,8.205,63.9617
OpenSeesMatlab,4,8.305,65.0557
OpenSeesMatlab,4,8.405,65.5066
OpenSeesMatlab,4,8.505,63.7237
OpenSeesMatlab,4,8.605,63.8246
OpenSeesMatlab,4,8.705,65.4359
OpenSeesMatlab,4,8.805,63.9047
OpenSeesMatlab,4,8.905,60.1047
OpenSeesMatlab,4,9.005,64.1958
OpenSeesMatlab,4,9.105,65.7719
OpenSeesMatlab,4,9.205,65.492
OpenSeesMatlab,4,9.305,63.713
OpenSeesMatlab,4,9.405,62.887
OpenSeesMatlab,4,9.505,62.5201
OpenSeesMatlab,4,9.605,61.3083
OpenSeesMatlab,4,9.705,64.9232
OpenSeesMatlab,4,9.805,63.0377
OpenSeesMatlab,4,9.905,61.4799
OpenSeesMatlab,4,10.005,59.8426
OpenSeesMatlab,4,10.105,61.5984
OpenSeesMatlab,4,10.205,60.8727
OpenSeesMatlab,4,10.305,59.8617
OpenSeesMatlab,4,10.405,60.6628
OpenSeesMatlab,4,10.505,59.2036
OpenSeesMatlab,4,10.605,58.4502
OpenSeesMatlab,4,10.705,56.9215
OpenSeesMatlab,4,10.805,56.8723
OpenSeesMatlab,4,10.905,56.513
OpenSeesMatlab,4,11.005,57.676
OpenSeesMatlab,4,11.105,56.474
OpenSeesMatlab,4,11.205,57.4518
OpenSeesMatlab,4,11.305,55.8671
OpenSeesMatlab,4,11.405,55.5256
OpenSeesMatlab,4,11.505,54.3842
OpenSeesMatlab,4,11.605,53.1392
OpenSeesMatlab,4,11.705,52.1036
OpenSeesMatlab,4,11.805,51.2677
OpenSeesMatlab,4,11.905,50.4595
OpenSeesMatlab,4,12.005,49.7411
OpenSeesMatlab,4,12.105,50.2957
OpenSeesMatlab,4,12.205,50.0828
OpenSeesMatlab,4,12.305,50.0121
OpenSeesMatlab,4,12.405,50.1186
OpenSeesMatlab,4,12.505,49.9121
OpenSeesMatlab,4,12.605,48.9142
OpenSeesMatlab,4,12.705,48.6789
OpenSeesMatlab,4,12.805,48.1118
OpenSeesMatlab,4,12.905,47.5707
OpenSeesMatlab,4,13.005,47.1535
OpenSeesMatlab,4,13.105,47.0112
OpenSeesMatlab,4,13.205,47.733
OpenSeesMatlab,4,13.305,48.5961
OpenSeesMatlab,4,13.405,48.9654
OpenSeesMatlab,4,13.505,48.4851
OpenSeesMatlab,4,13.605,48.3641
OpenSeesMatlab,4,13.705,47.3536
OpenSeesMatlab,4,13.805,46.3976
OpenSeesMatlab,4,13.905,45.9307
OpenSeesMatlab,4,14.005,45.4075
OpenSeesMatlab,4,14.105,45.7063
OpenSeesMatlab,4,14.205,47.0188
OpenSeesMatlab,4,14.305,47.8996
OpenSeesMatlab,4,14.405,47.734
OpenSeesMatlab,4,14.505,48.3917
OpenSeesMatlab,4,14.605,49.1117
OpenSeesMatlab,4,14.705,48.4071
OpenSeesMatlab,4,14.805,47.7208
OpenSeesMatlab,4,14.905,48.0693
OpenSeesMatlab,4,15.005,48.1704
OpenSeesMatlab,4,15.105,48.09
OpenSeesMatlab,4,15.205,48.5312
OpenSeesMatlab,4,15.305,48.0596
OpenSeesMatlab,4,15.405,47.479
OpenSeesMatlab,4,15.505,47.1669
OpenSeesMatlab,4,15.605,46.925
OpenSeesMatlab,4,15.705,46.8341
OpenSeesMatlab,4,15.805,46.6382
OpenSeesMatlab,4,15.905,46.9388
OpenSeesMatlab,4,16.005,47.5635
OpenSeesMatlab,4,16.105,47.3514
OpenSeesMatlab,4,16.205,47.2237
OpenSeesMatlab,4,16.305,47.3703
OpenSeesMatlab,4,16.405,47.1502
OpenSeesMatlab,4,16.505,46.5096
OpenSeesMatlab,4,16.605,45.7327
OpenSeesMatlab,4,16.705,45.0253
OpenSeesMatlab,4,16.805,44.6693
OpenSeesMatlab,4,16.905,44.342
OpenSeesMatlab,4,17.005,44.0652
OpenSeesMatlab,4,17.105,44.2828
OpenSeesMatlab,4,17.205,44.2574
OpenSeesMatlab,4,17.305,44.1583
OpenSeesMatlab,4,17.405,44.2645
OpenSeesMatlab,4,17.505,43.762
OpenSeesMatlab,4,17.605,43.5349
OpenSeesMatlab,4,17.705,43.3136
OpenSeesMatlab,4,17.805,43.1751
OpenSeesMatlab,4,17.905,43.0924
OpenSeesMatlab,4,18.005,43.6044
OpenSeesMatlab,4,18.105,44.1219
OpenSeesMatlab,4,18.205,43.6979
OpenSeesMatlab,4,18.305,43.1179
OpenSeesMatlab,4,18.405,42.6526
OpenSeesMatlab,4,18.505,42.3412
OpenSeesMatlab,4,18.605,41.9862
OpenSeesMatlab,4,18.705,41.7743
OpenSeesMatlab,4,18.805,41.5222
OpenSeesMatlab,4,18.905,41.2574
OpenSeesMatlab,4,19.005,41.0228
OpenSeesMatlab,4,19.105,40.824
OpenSeesMatlab,4,19.205,40.6434
OpenSeesMatlab,4,19.305,40.5039
OpenSeesMatlab,4,19.405,40.5542
OpenSeesMatlab,4,19.505,40.7273
OpenSeesMatlab,4,19.605,40.9396
OpenSeesMatlab,4,19.705,41.4132
OpenSeesMatlab,4,19.805,41.7571
OpenSeesMatlab,4,19.905,42.0514
OpenSeesMatlab,4,20.005,42.0243
OpenSeesMatlab,4,20.105,41.7198
OpenSeesMatlab,4,20.205,41.7671
OpenSeesMatlab,4,20.305,41.9153
OpenSeesMatlab,4,20.405,41.9713
OpenSeesMatlab,4,20.505,41.8491
OpenSeesMatlab,4,20.605,41.7401
OpenSeesMatlab,4,20.705,41.5812
OpenSeesMatlab,4,20.805,41.5118
OpenSeesMatlab,4,20.905,41.6067
OpenSeesMatlab,4,21.005,41.8015
OpenSeesMatlab,4,21.105,41.673
OpenSeesMatlab,4,21.205,41.4556
OpenSeesMatlab,4,21.305,41.2338
OpenSeesMatlab,4,21.405,41.0668
OpenSeesMatlab,4,21.505,40.8715
OpenSeesMatlab,4,21.605,40.6858
OpenSeesMatlab,4,21.705,40.5121
OpenSeesMatlab,4,21.805,40.3643
OpenSeesMatlab,4,21.905,40.2364
OpenSeesMatlab,4,22.005,40.2471
OpenSeesMatlab,4,22.105,40.2572
OpenSeesMatlab,4,22.205,40.2644
OpenSeesMatlab,4,22.305,40.3105
OpenSeesMatlab,4,22.405,40.2631
OpenSeesMatlab,4,22.505,40.2031
OpenSeesMatlab,4,22.605,40.0777
OpenSeesMatlab,4,22.705,39.9674
OpenSeesMatlab,4,22.805,39.89
OpenSeesMatlab,4,22.905,39.9133
OpenSeesMatlab,4,23.005,39.9303
OpenSeesMatlab,4,23.105,39.9656
OpenSeesMatlab,4,23.205,40.0203
OpenSeesMatlab,4,23.305,40.1117
OpenSeesMatlab,4,23.405,40.3234
OpenSeesMatlab,4,23.505,40.5268
OpenSeesMatlab,4,23.605,40.6721
OpenSeesMatlab,4,23.705,40.8506
OpenSeesMatlab,4,23.805,41.1787
OpenSeesMatlab,4,23.905,41.5762
OpenSeesMatlab,4,24.005,41.8424
OpenSeesMatlab,4,24.105,42.0058
OpenSeesMatlab,4,24.205,41.9342
OpenSeesMatlab,4,24.305,41.8757
OpenSeesMatlab,4,24.405,41.7496
OpenSeesMatlab,4,24.505,41.5435
OpenSeesMatlab,4,24.605,41.3171
OpenSeesMatlab,4,24.705,41.0487
OpenSeesMatlab,4,24.805,40.8327
OpenSeesMatlab,4,24.905,40.6563
OpenSeesMatlab,4,25.005,40.5923
OpenSeesMatlab,4,25.105,40.4599
OpenSeesMatlab,4,25.205,40.3442
OpenSeesMatlab,4,25.305,40.4927
OpenSeesMatlab,4,25.405,40.8527
OpenSeesMatlab,4,25.505,41.0861
OpenSeesMatlab,4,25.605,41.4572
OpenSeesMatlab,4,25.705,41.6999
OpenSeesMatlab,4,25.805,41.8825
OpenSeesMatlab,4,25.905,42.087
OpenSeesMatlab,4,26.005,42.1372
OpenSeesMatlab,4,26.105,42.1447
OpenSeesMatlab,4,26.205,42.1265
OpenSeesMatlab,4,26.305,42.1943
OpenSeesMatlab,4,26.405,42.1988
OpenSeesMatlab,4,26.505,42.0774
OpenSeesMatlab,4,26.605,41.9624
OpenSeesMatlab,4,26.705,41.795
OpenSeesMatlab,4,26.805,41.673
OpenSeesMatlab,4,26.905,41.6207
OpenSeesMatlab,4,27.005,41.7732
OpenSeesMatlab,4,27.105,41.945
OpenSeesMatlab,4,27.205,42.0392
OpenSeesMatlab,4,27.305,42.0796
OpenSeesMatlab,4,27.405,42.0939
OpenSeesMatlab,4,27.505,42.0848
OpenSeesMatlab,4,27.605,41.9163
OpenSeesMatlab,4,27.705,41.5888
OpenSeesMatlab,4,27.805,41.279
OpenSeesMatlab,4,27.905,41.0687
OpenSeesMatlab,4,28.005,40.8654
OpenSeesMatlab,4,28.105,40.7137
OpenSeesMatlab,4,28.205,40.5326
OpenSeesMatlab,4,28.305,40.3834
OpenSeesMatlab,4,28.405,40.2502
OpenSeesMatlab,4,28.505,40.1341
OpenSeesMatlab,4,28.605,40.0414
OpenSeesMatlab,4,28.705,39.9484
OpenSeesMatlab,4,28.805,39.8669
OpenSeesMatlab,4,28.905,39.7952
OpenSeesMatlab,4,29.005,39.7318
OpenSeesMatlab,4,29.105,39.6757
OpenSeesMatlab,4,29.205,39.6609
OpenSeesMatlab,4,29.305,39.6412
OpenSeesMatlab,4,29.405,39.591
OpenSeesMatlab,4,29.505,39.5477
OpenSeesMatlab,4,29.605,39.5111
OpenSeesMatlab,4,29.705,39.4796
OpenSeesMatlab,4,29.805,39.452
OpenSeesMatlab,4,29.905,39.4277
OpenSeesMatlab,4,30.005,39.4062
OpenSeesMatlab,4,30.105,39.3873
OpenSeesMatlab,4,30.205,39.3734
OpenSeesMatlab,4,30.305,39.361
OpenSeesMatlab,4,30.405,39.3479
OpenSeesMatlab,4,30.505,39.3355
OpenSeesMatlab,4,30.605,39.3238
OpenSeesMatlab,4,30.705,39.3139
OpenSeesMatlab,4,30.805,39.3053
OpenSeesMatlab,4,30.905,39.2978
OpenSeesMatlab,4,31.005,39.2912
OpenSeesMatlab,4,31.105,39.2853
OpenSeesMatlab,4,31.205,39.2802
OpenSeesMatlab,4,31.305,39.2756
OpenSeesMatlab,4,31.405,39.2715
OpenSeesMatlab,4,31.505,39.2679
OpenSeesMatlab,4,31.605,39.2647
OpenSeesMatlab,4,31.705,39.2619
OpenSeesMatlab,4,31.805,39.2594
OpenSeesMatlab,4,31.905,39.2572
OpenSeesMatlab,4,32.005,39.2552
OpenSeesMatlab,4,32.105,39.2535
OpenSeesMatlab,4,32.205,39.252
OpenSeesMatlab,4,32.305,39.2506
OpenSeesMatlab,4,32.405,39.2494
OpenSeesTcl,4,0.005,39.24
OpenSeesTcl,4,0.105,39.2467
OpenSeesTcl,4,0.205,39.2506
OpenSeesTcl,4,0.305,39.255
OpenSeesTcl,4,0.405,39.256
OpenSeesTcl,4,0.505,39.2657
OpenSeesTcl,4,0.605,39.2649
OpenSeesTcl,4,0.705,39.2692
OpenSeesTcl,4,0.805,39.3603
OpenSeesTcl,4,0.905,39.3618
OpenSeesTcl,4,1.005,39.3529
OpenSeesTcl,4,1.105,39.5511
OpenSeesTcl,4,1.205,40.2707
OpenSeesTcl,4,1.305,40.9721
OpenSeesTcl,4,1.405,42.2472
OpenSeesTcl,4,1.505,44.3292
OpenSeesTcl,4,1.605,45.1988
OpenSeesTcl,4,1.705,45.8632
OpenSeesTcl,4,1.805,45.2451
OpenSeesTcl,4,1.905,44.8864
OpenSeesTcl,4,2.005,44.5902
OpenSeesTcl,4,2.105,44.7287
OpenSeesTcl,4,2.205,44.3278
OpenSeesTcl,4,2.305,43.9051
OpenSeesTcl,4,2.405,43.9938
OpenSeesTcl,4,2.505,44.2768
OpenSeesTcl,4,2.605,44.8658
OpenSeesTcl,4,2.705,45.0574
OpenSeesTcl,4,2.805,45.7554
OpenSeesTcl,4,2.905,46.3775
OpenSeesTcl,4,3.005,47.4291
OpenSeesTcl,4,3.105,48.2283
OpenSeesTcl,4,3.205,49.067
OpenSeesTcl,4,3.305,48.9356
OpenSeesTcl,4,3.405,48.631
OpenSeesTcl,4,3.505,48.8685
OpenSeesTcl,4,3.605,48.6258
OpenSeesTcl,4,3.705,48.4168
OpenSeesTcl,4,3.805,51.6953
OpenSeesTcl,4,3.905,53.1428
OpenSeesTcl,4,4.005,54.8292
OpenSeesTcl,4,4.105,54.9975
OpenSeesTcl,4,4.205,55.853
OpenSeesTcl,4,4.305,55.1135
OpenSeesTcl,4,4.405,56.109
OpenSeesTcl,4,4.505,55.3615
OpenSeesTcl,4,4.605,53.9392
OpenSeesTcl,4,4.705,52.5324
OpenSeesTcl,4,4.805,57.0651
OpenSeesTcl,4,4.905,58.2229
OpenSeesTcl,4,5.005,56.954
OpenSeesTcl,4,5.105,56.2374
OpenSeesTcl,4,5.205,57.8497
OpenSeesTcl,4,5.305,57.2175
OpenSeesTcl,4,5.405,58.1706
OpenSeesTcl,4,5.505,59.2203
OpenSeesTcl,4,5.605,59.172
OpenSeesTcl,4,5.705,61.1076
OpenSeesTcl,4,5.805,61.052
OpenSeesTcl,4,5.905,61.2451
OpenSeesTcl,4,6.005,61.5709
OpenSeesTcl,4,6.105,61.5617
OpenSeesTcl,4,6.205,60.3253
OpenSeesTcl,4,6.305,59.0801
OpenSeesTcl,4,6.405,61.8715
OpenSeesTcl,4,6.505,58.4127
OpenSeesTcl,4,6.605,59.207
OpenSeesTcl,4,6.705,60.5161
OpenSeesTcl,4,6.805,58.6373
OpenSeesTcl,4,6.905,64.1265
OpenSeesTcl,4,7.005,63.1713
OpenSeesTcl,4,7.105,57.335
OpenSeesTcl,4,7.205,60.5685
OpenSeesTcl,4,7.305,62.2261
OpenSeesTcl,4,7.405,61.2522
OpenSeesTcl,4,7.505,60.9146
OpenSeesTcl,4,7.605,60.6887
OpenSeesTcl,4,7.705,63.7304
OpenSeesTcl,4,7.805,63.1217
OpenSeesTcl,4,7.905,64.8456
OpenSeesTcl,4,8.005,65.8222
OpenSeesTcl,4,8.105,64.2817
OpenSeesTcl,4,8.205,63.9617
OpenSeesTcl,4,8.305,65.0557
OpenSeesTcl,4,8.405,65.5066
OpenSeesTcl,4,8.505,63.7237
OpenSeesTcl,4,8.605,63.8246
OpenSeesTcl,4,8.705,65.4359
OpenSeesTcl,4,8.805,63.9047
OpenSeesTcl,4,8.905,60.1047
OpenSeesTcl,4,9.005,64.1958
OpenSeesTcl,4,9.105,65.7719
OpenSeesTcl,4,9.205,65.492
OpenSeesTcl,4,9.305,63.713
OpenSeesTcl,4,9.405,62.887
OpenSeesTcl,4,9.505,62.5201
OpenSeesTcl,4,9.605,61.3083
OpenSeesTcl,4,9.705,64.9232
OpenSeesTcl,4,9.805,63.0377
OpenSeesTcl,4,9.905,61.4799
OpenSeesTcl,4,10.005,59.8426
OpenSeesTcl,4,10.105,61.5984
OpenSeesTcl,4,10.205,60.8727
OpenSeesTcl,4,10.305,59.8617
OpenSeesTcl,4,10.405,60.6628
OpenSeesTcl,4,10.505,59.2036
OpenSeesTcl,4,10.605,58.4502
OpenSeesTcl,4,10.705,56.9215
OpenSeesTcl,4,10.805,56.8723
OpenSeesTcl,4,10.905,56.513
OpenSeesTcl,4,11.005,57.676
OpenSeesTcl,4,11.105,56.474
OpenSeesTcl,4,11.205,57.4518
OpenSeesTcl,4,11.305,55.8671
OpenSeesTcl,4,11.405,55.5256
OpenSeesTcl,4,11.505,54.3842
OpenSeesTcl,4,11.605,53.1392
OpenSeesTcl,4,11.705,52.1036
OpenSeesTcl,4,11.805,51.2677
OpenSeesTcl,4,11.905,50.4595
OpenSeesTcl,4,12.005,49.7411
OpenSeesTcl,4,12.105,50.2957
OpenSeesTcl,4,12.205,50.0828
OpenSeesTcl,4,12.305,50.0121
OpenSeesTcl,4,12.405,50.1186
OpenSeesTcl,4,12.505,49.9121
OpenSeesTcl,4,12.605,48.9142
OpenSeesTcl,4,12.705,48.6789
OpenSeesTcl,4,12.805,48.1118
OpenSeesTcl,4,12.905,47.5707
OpenSeesTcl,4,13.005,47.1535
OpenSeesTcl,4,13.105,47.0112
OpenSeesTcl,4,13.205,47.733
OpenSeesTcl,4,13.305,48.5961
OpenSeesTcl,4,13.405,48.9654
OpenSeesTcl,4,13.505,48.4851
OpenSeesTcl,4,13.605,48.3641
OpenSeesTcl,4,13.705,47.3536
OpenSeesTcl,4,13.805,46.3976
OpenSeesTcl,4,13.905,45.9307
OpenSeesTcl,4,14.005,45.4075
OpenSeesTcl,4,14.105,45.7063
OpenSeesTcl,4,14.205,47.0188
OpenSeesTcl,4,14.305,47.8996
OpenSeesTcl,4,14.405,47.734
OpenSeesTcl,4,14.505,48.3917
OpenSeesTcl,4,14.605,49.1117
OpenSeesTcl,4,14.705,48.4071
OpenSeesTcl,4,14.805,47.7208
OpenSeesTcl,4,14.905,48.0693
OpenSeesTcl,4,15.005,48.1704
OpenSeesTcl,4,15.105,48.09
OpenSeesTcl,4,15.205,48.5312
OpenSeesTcl,4,15.305,48.0596
OpenSeesTcl,4,15.405,47.479
OpenSeesTcl,4,15.505,47.1669
OpenSeesTcl,4,15.605,46.925
OpenSeesTcl,4,15.705,46.8341
OpenSeesTcl,4,15.805,46.6382
OpenSeesTcl,4,15.905,46.9388
OpenSeesTcl,4,16.005,47.5635
OpenSeesTcl,4,16.105,47.3514
OpenSeesTcl,4,16.205,47.2237
OpenSeesTcl,4,16.305,47.3703
OpenSeesTcl,4,16.405,47.1502
OpenSeesTcl,4,16.505,46.5096
OpenSeesTcl,4,16.605,45.7327
OpenSeesTcl,4,16.705,45.0253
OpenSeesTcl,4,16.805,44.6693
OpenSeesTcl,4,16.905,44.342
OpenSeesTcl,4,17.005,44.0652
OpenSeesTcl,4,17.105,44.2828
OpenSeesTcl,4,17.205,44.2574
OpenSeesTcl,4,17.305,44.1583
OpenSeesTcl,4,17.405,44.2645
OpenSeesTcl,4,17.505,43.762
OpenSeesTcl,4,17.605,43.5349
OpenSeesTcl,4,17.705,43.3136
OpenSeesTcl,4,17.805,43.1751
OpenSeesTcl,4,17.905,43.0924
OpenSeesTcl,4,18.005,43.6044
OpenSeesTcl,4,18.105,44.1219
OpenSeesTcl,4,18.205,43.6979
OpenSeesTcl,4,18.305,43.1179
OpenSeesTcl,4,18.405,42.6526
OpenSeesTcl,4,18.505,42.3412
OpenSeesTcl,4,18.605,41.9862
OpenSeesTcl,4,18.705,41.7743
OpenSeesTcl,4,18.805,41.5222
OpenSeesTcl,4,18.905,41.2574
OpenSeesTcl,4,19.005,41.0228
OpenSeesTcl,4,19.105,40.824
OpenSeesTcl,4,19.205,40.6434
OpenSeesTcl,4,19.305,40.5039
OpenSeesTcl,4,19.405,40.5542
OpenSeesTcl,4,19.505,40.7273
OpenSeesTcl,4,19.605,40.9396
OpenSeesTcl,4,19.705,41.4132
OpenSeesTcl,4,19.805,41.7571
OpenSeesTcl,4,19.905,42.0514
OpenSeesTcl,4,20.005,42.0243
OpenSeesTcl,4,20.105,41.7198
OpenSeesTcl,4,20.205,41.7671
OpenSeesTcl,4,20.305,41.9153
OpenSeesTcl,4,20.405,41.9713
OpenSeesTcl,4,20.505,41.8491
OpenSeesTcl,4,20.605,41.7401
OpenSeesTcl,4,20.705,41.5812
OpenSeesTcl,4,20.805,41.5118
OpenSeesTcl,4,20.905,41.6067
OpenSeesTcl,4,21.005,41.8015
OpenSeesTcl,4,21.105,41.673
OpenSeesTcl,4,21.205,41.4556
OpenSeesTcl,4,21.305,41.2338
OpenSeesTcl,4,21.405,41.0668
OpenSeesTcl,4,21.505,40.8715
OpenSeesTcl,4,21.605,40.6858
OpenSeesTcl,4,21.705,40.5121
OpenSeesTcl,4,21.805,40.3643
OpenSeesTcl,4,21.905,40.2364
OpenSeesTcl,4,22.005,40.2471
OpenSeesTcl,4,22.105,40.2572
OpenSeesTcl,4,22.205,40.2644
OpenSeesTcl,4,22.305,40.3105
OpenSeesTcl,4,22.405,40.2631
OpenSeesTcl,4,22.505,40.2031
OpenSeesTcl,4,22.605,40.0777
OpenSeesTcl,4,22.705,39.9674
OpenSeesTcl,4,22.805,39.89
OpenSeesTcl,4,22.905,39.9133
OpenSeesTcl,4,23.005,39.9303
OpenSeesTcl,4,23.105,39.9656
OpenSeesTcl,4,23.205,40.0203
OpenSeesTcl,4,23.305,40.1117
OpenSeesTcl,4,23.405,40.3234
OpenSeesTcl,4,23.505,40.5268
OpenSeesTcl,4,23.605,40.6721
OpenSeesTcl,4,23.705,40.8506
OpenSeesTcl,4,23.805,41.1787
OpenSeesTcl,4,23.905,41.5762
OpenSeesTcl,4,24.005,41.8424
OpenSeesTcl,4,24.105,42.0058
OpenSeesTcl,4,24.205,41.9342
OpenSeesTcl,4,24.305,41.8757
OpenSeesTcl,4,24.405,41.7496
OpenSeesTcl,4,24.505,41.5435
OpenSeesTcl,4,24.605,41.3171
OpenSeesTcl,4,24.705,41.0487
OpenSeesTcl,4,24.805,40.8327
OpenSeesTcl,4,24.905,40.6563
OpenSeesTcl,4,25.005,40.5923
OpenSeesTcl,4,25.105,40.4599
OpenSeesTcl,4,25.205,40.3442
OpenSeesTcl,4,25.305,40.4927
OpenSeesTcl,4,25.405,40.8527
OpenSeesTcl,4,25.505,41.0861
OpenSeesTcl,4,25.605,41.4572
OpenSeesTcl,4,25.705,41.6999
OpenSeesTcl,4,25.805,41.8825
OpenSeesTcl,4,25.905,42.087
OpenSeesTcl,4,26.005,42.1372
OpenSeesTcl,4,26.105,42.1447
OpenSeesTcl,4,26.205,42.1265
OpenSeesTcl,4,26.305,42.1943
OpenSeesTcl,4,26.405,42.1988
OpenSeesTcl,4,26.505,42.0774
OpenSeesTcl,4,26.605,41.9624
OpenSeesTcl,4,26.705,41.795
OpenSeesTcl,4,26.805,41.673
OpenSeesTcl,4,26.905,41.6207
OpenSeesTcl,4,27.005,41.7732
OpenSeesTcl,4,27.105,41.945
OpenSeesTcl,4,27.205,42.0392
OpenSeesTcl,4,27.305,42.0796
OpenSeesTcl,4,27.405,42.0939
OpenSeesTcl,4,27.505,42.0848
OpenSeesTcl,4,27.605,41.9163
OpenSeesTcl,4,27.705,41.5888
OpenSeesTcl,4,27.805,41.279
OpenSeesTcl,4,27.905,41.0687
OpenSeesTcl,4,28.005,40.8654
OpenSeesTcl,4,28.105,40.7137
OpenSeesTcl,4,28.205,40.5326
OpenSeesTcl,4,28.305,40.3834
OpenSeesTcl,4,28.405,40.2502
OpenSeesTcl,4,28.505,40.1341
OpenSeesTcl,4,28.605,40.0414
OpenSeesTcl,4,28.705,39.9484
OpenSeesTcl,4,28.805,39.8669
OpenSeesTcl,4,28.905,39.7952
OpenSeesTcl,4,29.005,39.7318
OpenSeesTcl,4,29.105,39.6757
OpenSeesTcl,4,29.205,39.6609
OpenSeesTcl,4,29.305,39.6412
OpenSeesTcl,4,29.405,39.591
OpenSeesTcl,4,29.505,39.5477
OpenSeesTcl,4,29.605,39.5111
OpenSeesTcl,4,29.705,39.4796
OpenSeesTcl,4,29.805,39.452
OpenSeesTcl,4,29.905,39.4277
OpenSeesTcl,4,30.005,39.4062
OpenSeesTcl,4,30.105,39.3873
OpenSeesTcl,4,30.205,39.3734
OpenSeesTcl,4,30.305,39.361
OpenSeesTcl,4,30.405,39.3479
OpenSeesTcl,4,30.505,39.3355
OpenSeesTcl,4,30.605,39.3238
OpenSeesTcl,4,30.705,39.3139
OpenSeesTcl,4,30.805,39.3053
OpenSeesTcl,4,30.905,39.2978
OpenSeesTcl,4,31.005,39.2912
OpenSeesTcl,4,31.105,39.2853
OpenSeesTcl,4,31.205,39.2802
OpenSeesTcl,4,31.305,39.2756
OpenSeesTcl,4,31.405,39.2715
OpenSeesTcl,4,31.505,39.2679
OpenSeesTcl,4,31.605,39.2647
OpenSeesTcl,4,31.705,39.2619
OpenSeesTcl,4,31.805,39.2594
OpenSeesTcl,4,31.905,39.2572
OpenSeesTcl,4,32.005,39.2552
OpenSeesTcl,4,32.105,39.2535
OpenSeesTcl,4,32.205,39.252
OpenSeesTcl,4,32.305,39.2506
OpenSeesTcl,4,32.405,39.2494
OpenSeesMatlab,3,0.005,29.43
OpenSeesMatlab,3,0.105,29.4396
OpenSeesMatlab,3,0.205,29.4391
OpenSeesMatlab,3,0.305,29.4426
OpenSeesMatlab,3,0.405,29.4432
OpenSeesMatlab,3,0.505,29.4531
OpenSeesMatlab,3,0.605,29.4515
OpenSeesMatlab,3,0.705,29.4545
OpenSeesMatlab,3,0.805,29.5557
OpenSeesMatlab,3,0.905,29.545
OpenSeesMatlab,3,1.005,29.5268
OpenSeesMatlab,3,1.105,29.6817
OpenSeesMatlab,3,1.205,30.2429
OpenSeesMatlab,3,1.305,30.8892
OpenSeesMatlab,3,1.405,31.9382
OpenSeesMatlab,3,1.505,33.6175
OpenSeesMatlab,3,1.605,34.1391
OpenSeesMatlab,3,1.705,34.9693
OpenSeesMatlab,3,1.805,34.2868
OpenSeesMatlab,3,1.905,33.928
OpenSeesMatlab,3,2.005,33.7934
OpenSeesMatlab,3,2.105,33.9863
OpenSeesMatlab,3,2.205,33.596
OpenSeesMatlab,3,2.305,33.2169
OpenSeesMatlab,3,2.405,33.3234
OpenSeesMatlab,3,2.505,33.47
OpenSeesMatlab,3,2.605,34.0156
OpenSeesMatlab,3,2.705,34.0621
OpenSeesMatlab,3,2.805,34.813
OpenSeesMatlab,3,2.905,34.9962
OpenSeesMatlab,3,3.005,35.8082
OpenSeesMatlab,3,3.105,36.512
OpenSeesMatlab,3,3.205,37.2534
OpenSeesMatlab,3,3.305,37.2656
OpenSeesMatlab,3,3.405,36.9616
OpenSeesMatlab,3,3.505,37.0825
OpenSeesMatlab,3,3.605,36.91
OpenSeesMatlab,3,3.705,36.6789
OpenSeesMatlab,3,3.805,38.8967
OpenSeesMatlab,3,3.905,40.1992
OpenSeesMatlab,3,4.005,41.4012
OpenSeesMatlab,3,4.105,41.5074
OpenSeesMatlab,3,4.205,42.5592
OpenSeesMatlab,3,4.305,42.0088
OpenSeesMatlab,3,4.405,42.7179
OpenSeesMatlab,3,4.505,42.0289
OpenSeesMatlab,3,4.605,40.5551
OpenSeesMatlab,3,4.705,39.4893
OpenSeesMatlab,3,4.805,43.0487
OpenSeesMatlab,3,4.905,44.0799
OpenSeesMatlab,3,5.005,43.3016
OpenSeesMatlab,3,5.105,42.4997
OpenSeesMatlab,3,5.205,44.1065
OpenSeesMatlab,3,5.305,43.8033
OpenSeesMatlab,3,5.405,44.3916
OpenSeesMatlab,3,5.505,45.3534
OpenSeesMatlab,3,5.605,45.227
OpenSeesMatlab,3,5.705,46.9771
OpenSeesMatlab,3,5.805,46.3041
OpenSeesMatlab,3,5.905,47.2774
OpenSeesMatlab,3,6.005,47.2844
OpenSeesMatlab,3,6.105,47.7669
OpenSeesMatlab,3,6.205,46.7303
OpenSeesMatlab,3,6.305,43.7991
OpenSeesMatlab,3,6.405,47.3051
OpenSeesMatlab,3,6.505,44.9923
OpenSeesMatlab,3,6.605,43.5123
OpenSeesMatlab,3,6.705,45.6489
OpenSeesMatlab,3,6.805,44.387
OpenSeesMatlab,3,6.905,48.9454
OpenSeesMatlab,3,7.005,48.2176
OpenSeesMatlab,3,7.105,44.2851
OpenSeesMatlab,3,7.205,44.8643
OpenSeesMatlab,3,7.305,47.815
OpenSeesMatlab,3,7.405,47.3043
OpenSeesMatlab,3,7.505,46.7005
OpenSeesMatlab,3,7.605,46.4612
OpenSeesMatlab,3,7.705,48.919
OpenSeesMatlab,3,7.805,48.5131
OpenSeesMatlab,3,7.905,50.1539
OpenSeesMatlab,3,8.005,51.0209
OpenSeesMatlab,3,8.105,49.8923
OpenSeesMatlab,3,8.205,48.4803
OpenSeesMatlab,3,8.305,49.2816
OpenSeesMatlab,3,8.405,50.7712
OpenSeesMatlab,3,8.505,48.6929
OpenSeesMatlab,3,8.605,47.881
OpenSeesMatlab,3,8.705,50.3098
OpenSeesMatlab,3,8.805,49.11
OpenSeesMatlab,3,8.905,46.015
OpenSeesMatlab,3,9.005,47.1739
OpenSeesMatlab,3,9.105,50.4442
OpenSeesMatlab,3,9.205,50.032
OpenSeesMatlab,3,9.305,49.4202
OpenSeesMatlab,3,9.405,48.6927
OpenSeesMatlab,3,9.505,48.2226
OpenSeesMatlab,3,9.605,47.1225
OpenSeesMatlab,3,9.705,50.4213
OpenSeesMatlab,3,9.805,48.9687
OpenSeesMatlab,3,9.905,47.5186
OpenSeesMatlab,3,10.005,46.1672
OpenSeesMatlab,3,10.105,48.2098
OpenSeesMatlab,3,10.205,47.6603
OpenSeesMatlab,3,10.305,46.5534
OpenSeesMatlab,3,10.405,47.7117
OpenSeesMatlab,3,10.505,46.1254
OpenSeesMatlab,3,10.605,45.8383
OpenSeesMatlab,3,10.705,44.1133
OpenSeesMatlab,3,10.805,44.1406
OpenSeesMatlab,3,10.905,43.7288
OpenSeesMatlab,3,11.005,44.7963
OpenSeesMatlab,3,11.105,43.6105
OpenSeesMatlab,3,11.205,44.6723
OpenSeesMatlab,3,11.305,43.2593
OpenSeesMatlab,3,11.405,42.9465
OpenSeesMatlab,3,11.505,41.9216
OpenSeesMatlab,3,11.605,40.7616
OpenSeesMatlab,3,11.705,39.764
OpenSeesMatlab,3,11.805,39.1126
OpenSeesMatlab,3,11.905,38.4982
OpenSeesMatlab,3,12.005,37.8063
OpenSeesMatlab,3,12.105,38.2787
OpenSeesMatlab,3,12.205,38.1943
OpenSeesMatlab,3,12.305,38.2397
OpenSeesMatlab,3,12.405,38.2746
OpenSeesMatlab,3,12.505,38.1777
OpenSeesMatlab,3,12.605,37.2458
OpenSeesMatlab,3,12.705,37.0594
OpenSeesMatlab,3,12.805,36.6003
OpenSeesMatlab,3,12.905,36.1439
OpenSeesMatlab,3,13.005,35.8418
OpenSeesMatlab,3,13.105,35.6885
OpenSeesMatlab,3,13.205,36.3259
OpenSeesMatlab,3,13.305,37.0535
OpenSeesMatlab,3,13.405,37.4184
OpenSeesMatlab,3,13.505,37.0246
OpenSeesMatlab,3,13.605,36.9076
OpenSeesMatlab,3,13.705,36.0187
OpenSeesMatlab,3,13.805,35.1616
OpenSeesMatlab,3,13.905,34.8351
OpenSeesMatlab,3,14.005,34.3489
OpenSeesMatlab,3,14.105,34.6055
OpenSeesMatlab,3,14.205,35.7755
OpenSeesMatlab,3,14.305,36.6501
OpenSeesMatlab,3,14.405,36.451
OpenSeesMatlab,3,14.505,36.9753
OpenSeesMatlab,3,14.605,37.6177
OpenSeesMatlab,3,14.705,36.9004
OpenSeesMatlab,3,14.805,36.2623
OpenSeesMatlab,3,14.905,36.598
OpenSeesMatlab,3,15.005,36.6847
OpenSeesMatlab,3,15.105,36.6821
OpenSeesMatlab,3,15.205,37.0277
OpenSeesMatlab,3,15.305,36.613
OpenSeesMatlab,3,15.405,36.119
OpenSeesMatlab,3,15.505,35.897
OpenSeesMatlab,3,15.605,35.6398
OpenSeesMatlab,3,15.705,35.6163
OpenSeesMatlab,3,15.805,35.5365
OpenSeesMatlab,3,15.905,35.7658
OpenSeesMatlab,3,16.005,36.2701
OpenSeesMatlab,3,16.105,36.072
OpenSeesMatlab,3,16.205,35.9446
OpenSeesMatlab,3,16.305,36.073
OpenSeesMatlab,3,16.405,35.9064
OpenSeesMatlab,3,16.505,35.3374
OpenSeesMatlab,3,16.605,34.6431
OpenSeesMatlab,3,16.705,34.0456
OpenSeesMatlab,3,16.805,33.7395
OpenSeesMatlab,3,16.905,33.5443
OpenSeesMatlab,3,17.005,33.3152
OpenSeesMatlab,3,17.105,33.5471
OpenSeesMatlab,3,17.205,33.5173
OpenSeesMatlab,3,17.305,33.4122
OpenSeesMatlab,3,17.405,33.4687
OpenSeesMatlab,3,17.505,33.0515
OpenSeesMatlab,3,17.605,32.8655
OpenSeesMatlab,3,17.705,32.7192
OpenSeesMatlab,3,17.805,32.5938
OpenSeesMatlab,3,17.905,32.5445
OpenSeesMatlab,3,18.005,32.9978
OpenSeesMatlab,3,18.105,33.4165
OpenSeesMatlab,3,18.205,33.0392
OpenSeesMatlab,3,18.305,32.526
OpenSeesMatlab,3,18.405,32.1416
OpenSeesMatlab,3,18.505,31.875
OpenSeesMatlab,3,18.605,31.597
OpenSeesMatlab,3,18.705,31.4354
OpenSeesMatlab,3,18.805,31.2412
OpenSeesMatlab,3,18.905,31.0262
OpenSeesMatlab,3,19.005,30.8361
OpenSeesMatlab,3,19.105,30.6802
OpenSeesMatlab,3,19.205,30.5352
OpenSeesMatlab,3,19.305,30.4291
OpenSeesMatlab,3,19.405,30.4537
OpenSeesMatlab,3,19.505,30.6547
OpenSeesMatlab,3,19.605,30.8208
OpenSeesMatlab,3,19.705,31.2211
OpenSeesMatlab,3,19.805,31.4837
OpenSeesMatlab,3,19.905,31.7431
OpenSeesMatlab,3,20.005,31.7161
OpenSeesMatlab,3,20.105,31.4241
OpenSeesMatlab,3,20.205,31.4675
OpenSeesMatlab,3,20.305,31.594
OpenSeesMatlab,3,20.405,31.6631
OpenSeesMatlab,3,20.505,31.5426
OpenSeesMatlab,3,20.605,31.4652
OpenSeesMatlab,3,20.705,31.3316
OpenSeesMatlab,3,20.805,31.2762
OpenSeesMatlab,3,20.905,31.3513
OpenSeesMatlab,3,21.005,31.5036
OpenSeesMatlab,3,21.105,31.4038
OpenSeesMatlab,3,21.205,31.2068
OpenSeesMatlab,3,21.305,31.0169
OpenSeesMatlab,3,21.405,30.8886
OpenSeesMatlab,3,21.505,30.7337
OpenSeesMatlab,3,21.605,30.5841
OpenSeesMatlab,3,21.705,30.4372
OpenSeesMatlab,3,21.805,30.3166
OpenSeesMatlab,3,21.905,30.2147
OpenSeesMatlab,3,22.005,30.2346
OpenSeesMatlab,3,22.105,30.2507
OpenSeesMatlab,3,22.205,30.2698
OpenSeesMatlab,3,22.305,30.3088
OpenSeesMatlab,3,22.405,30.2775
OpenSeesMatlab,3,22.505,30.2109
OpenSeesMatlab,3,22.605,30.1043
OpenSeesMatlab,3,22.705,30.0078
OpenSeesMatlab,3,22.805,29.9554
OpenSeesMatlab,3,22.905,29.9688
OpenSeesMatlab,3,23.005,29.9934
OpenSeesMatlab,3,23.105,30.0323
OpenSeesMatlab,3,23.205,30.0785
OpenSeesMatlab,3,23.305,30.1561
OpenSeesMatlab,3,23.405,30.3634
OpenSeesMatlab,3,23.505,30.5355
OpenSeesMatlab,3,23.605,30.6385
OpenSeesMatlab,3,23.705,30.7802
OpenSeesMatlab,3,23.805,31.0472
OpenSeesMatlab,3,23.905,31.3822
OpenSeesMatlab,3,24.005,31.6
OpenSeesMatlab,3,24.105,31.7437
OpenSeesMatlab,3,24.205,31.6707
OpenSeesMatlab,3,24.305,31.5926
OpenSeesMatlab,3,24.405,31.4937
OpenSeesMatlab,3,24.505,31.3019
OpenSeesMatlab,3,24.605,31.0993
OpenSeesMatlab,3,24.705,30.8702
OpenSeesMatlab,3,24.805,30.6946
OpenSeesMatlab,3,24.905,30.5518
OpenSeesMatlab,3,25.005,30.5024
OpenSeesMatlab,3,25.105,30.4139
OpenSeesMatlab,3,25.205,30.3224
OpenSeesMatlab,3,25.305,30.4601
OpenSeesMatlab,3,25.405,30.783
OpenSeesMatlab,3,25.505,30.9602
OpenSeesMatlab,3,25.605,31.3154
OpenSeesMatlab,3,25.705,31.4897
OpenSeesMatlab,3,25.805,31.6161
OpenSeesMatlab,3,25.905,31.7819
OpenSeesMatlab,3,26.005,31.8285
OpenSeesMatlab,3,26.105,31.8089
OpenSeesMatlab,3,26.205,31.8067
OpenSeesMatlab,3,26.305,31.8444
OpenSeesMatlab,3,26.405,31.8383
OpenSeesMatlab,3,26.505,31.7364
OpenSeesMatlab,3,26.605,31.6502
OpenSeesMatlab,3,26.705,31.5183
OpenSeesMatlab,3,26.805,31.4154
OpenSeesMatlab,3,26.905,31.3745
OpenSeesMatlab,3,27.005,31.5152
OpenSeesMatlab,3,27.105,31.6784
OpenSeesMatlab,3,27.205,31.7389
OpenSeesMatlab,3,27.305,31.7762
OpenSeesMatlab,3,27.405,31.7907
OpenSeesMatlab,3,27.505,31.7593
OpenSeesMatlab,3,27.605,31.612
OpenSeesMatlab,3,27.705,31.3246
OpenSeesMatlab,3,27.805,31.0524
OpenSeesMatlab,3,27.905,30.8744
OpenSeesMatlab,3,28.005,30.7246
OpenSeesMatlab,3,28.105,30.6094
OpenSeesMatlab,3,28.205,30.4525
OpenSeesMatlab,3,28.305,30.3333
OpenSeesMatlab,3,28.405,30.2259
OpenSeesMatlab,3,28.505,30.1337
OpenSeesMatlab,3,28.605,30.0638
OpenSeesMatlab,3,28.705,29.9883
OpenSeesMatlab,3,28.805,29.9235
OpenSeesMatlab,3,28.905,29.8668
OpenSeesMatlab,3,29.005,29.8168
OpenSeesMatlab,3,29.105,29.7727
OpenSeesMatlab,3,29.205,29.7649
OpenSeesMatlab,3,29.305,29.7524
OpenSeesMatlab,3,29.405,29.7107
OpenSeesMatlab,3,29.505,29.6736
OpenSeesMatlab,3,29.605,29.6438
OpenSeesMatlab,3,29.705,29.6187
OpenSeesMatlab,3,29.805,29.5968
OpenSeesMatlab,3,29.905,29.5776
OpenSeesMatlab,3,30.005,29.5607
OpenSeesMatlab,3,30.105,29.5458
OpenSeesMatlab,3,30.205,29.5361
OpenSeesMatlab,3,30.305,29.5283
OpenSeesMatlab,3,30.405,29.5182
OpenSeesMatlab,3,30.505,29.5059
OpenSeesMatlab,3,30.605,29.4962
OpenSeesMatlab,3,30.705,29.4882
OpenSeesMatlab,3,30.805,29.4814
OpenSeesMatlab,3,30.905,29.4755
OpenSeesMatlab,3,31.005,29.4703
OpenSeesMatlab,3,31.105,29.4657
OpenSeesMatlab,3,31.205,29.4616
OpenSeesMatlab,3,31.305,29.458
OpenSeesMatlab,3,31.405,29.4548
OpenSeesMatlab,3,31.505,29.452
OpenSeesMatlab,3,31.605,29.4494
OpenSeesMatlab,3,31.705,29.4472
OpenSeesMatlab,3,31.805,29.4453
OpenSeesMatlab,3,31.905,29.4435
OpenSeesMatlab,3,32.005,29.442
OpenSeesMatlab,3,32.105,29.4406
OpenSeesMatlab,3,32.205,29.4394
OpenSeesMatlab,3,32.305,29.4383
OpenSeesMatlab,3,32.405,29.4374
OpenSeesTcl,3,0.005,29.43
OpenSeesTcl,3,0.105,29.4396
OpenSeesTcl,3,0.205,29.4391
OpenSeesTcl,3,0.305,29.4426
OpenSeesTcl,3,0.405,29.4432
OpenSeesTcl,3,0.505,29.4531
OpenSeesTcl,3,0.605,29.4515
OpenSeesTcl,3,0.705,29.4545
OpenSeesTcl,3,0.805,29.5557
OpenSeesTcl,3,0.905,29.545
OpenSeesTcl,3,1.005,29.5268
OpenSeesTcl,3,1.105,29.6817
OpenSeesTcl,3,1.205,30.2429
OpenSeesTcl,3,1.305,30.8892
OpenSeesTcl,3,1.405,31.9382
OpenSeesTcl,3,1.505,33.6175
OpenSeesTcl,3,1.605,34.1391
OpenSeesTcl,3,1.705,34.9693
OpenSeesTcl,3,1.805,34.2868
OpenSeesTcl,3,1.905,33.928
OpenSeesTcl,3,2.005,33.7934
OpenSeesTcl,3,2.105,33.9863
OpenSeesTcl,3,2.205,33.596
OpenSeesTcl,3,2.305,33.2169
OpenSeesTcl,3,2.405,33.3234
OpenSeesTcl,3,2.505,33.47
OpenSeesTcl,3,2.605,34.0156
OpenSeesTcl,3,2.705,34.0621
OpenSeesTcl,3,2.805,34.813
OpenSeesTcl,3,2.905,34.9962
OpenSeesTcl,3,3.005,35.8082
OpenSeesTcl,3,3.105,36.512
OpenSeesTcl,3,3.205,37.2534
OpenSeesTcl,3,3.305,37.2656
OpenSeesTcl,3,3.405,36.9616
OpenSeesTcl,3,3.505,37.0825
OpenSeesTcl,3,3.605,36.91
OpenSeesTcl,3,3.705,36.6789
OpenSeesTcl,3,3.805,38.8967
OpenSeesTcl,3,3.905,40.1992
OpenSeesTcl,3,4.005,41.4012
OpenSeesTcl,3,4.105,41.5074
OpenSeesTcl,3,4.205,42.5592
OpenSeesTcl,3,4.305,42.0088
OpenSeesTcl,3,4.405,42.7179
OpenSeesTcl,3,4.505,42.0289
OpenSeesTcl,3,4.605,40.5551
OpenSeesTcl,3,4.705,39.4893
OpenSeesTcl,3,4.805,43.0487
OpenSeesTcl,3,4.905,44.0799
OpenSeesTcl,3,5.005,43.3016
OpenSeesTcl,3,5.105,42.4997
OpenSeesTcl,3,5.205,44.1065
OpenSeesTcl,3,5.305,43.8033
OpenSeesTcl,3,5.405,44.3916
OpenSeesTcl,3,5.505,45.3534
OpenSeesTcl,3,5.605,45.227
OpenSeesTcl,3,5.705,46.9771
OpenSeesTcl,3,5.805,46.3041
OpenSeesTcl,3,5.905,47.2774
OpenSeesTcl,3,6.005,47.2844
OpenSeesTcl,3,6.105,47.7669
OpenSeesTcl,3,6.205,46.7303
OpenSeesTcl,3,6.305,43.7991
OpenSeesTcl,3,6.405,47.3051
OpenSeesTcl,3,6.505,44.9923
OpenSeesTcl,3,6.605,43.5123
OpenSeesTcl,3,6.705,45.6489
OpenSeesTcl,3,6.805,44.387
OpenSeesTcl,3,6.905,48.9454
OpenSeesTcl,3,7.005,48.2176
OpenSeesTcl,3,7.105,44.2851
OpenSeesTcl,3,7.205,44.8643
OpenSeesTcl,3,7.305,47.815
OpenSeesTcl,3,7.405,47.3043
OpenSeesTcl,3,7.505,46.7005
OpenSeesTcl,3,7.605,46.4612
OpenSeesTcl,3,7.705,48.919
OpenSeesTcl,3,7.805,48.5131
OpenSeesTcl,3,7.905,50.1539
OpenSeesTcl,3,8.005,51.0209
OpenSeesTcl,3,8.105,49.8923
OpenSeesTcl,3,8.205,48.4803
OpenSeesTcl,3,8.305,49.2816
OpenSeesTcl,3,8.405,50.7712
OpenSeesTcl,3,8.505,48.6929
OpenSeesTcl,3,8.605,47.881
OpenSeesTcl,3,8.705,50.3098
OpenSeesTcl,3,8.805,49.11
OpenSeesTcl,3,8.905,46.015
OpenSeesTcl,3,9.005,47.1739
OpenSeesTcl,3,9.105,50.4442
OpenSeesTcl,3,9.205,50.032
OpenSeesTcl,3,9.305,49.4202
OpenSeesTcl,3,9.405,48.6927
OpenSeesTcl,3,9.505,48.2226
OpenSeesTcl,3,9.605,47.1225
OpenSeesTcl,3,9.705,50.4213
OpenSeesTcl,3,9.805,48.9687
OpenSeesTcl,3,9.905,47.5186
OpenSeesTcl,3,10.005,46.1672
OpenSeesTcl,3,10.105,48.2098
OpenSeesTcl,3,10.205,47.6603
OpenSeesTcl,3,10.305,46.5534
OpenSeesTcl,3,10.405,47.7117
OpenSeesTcl,3,10.505,46.1254
OpenSeesTcl,3,10.605,45.8383
OpenSeesTcl,3,10.705,44.1133
OpenSeesTcl,3,10.805,44.1406
OpenSeesTcl,3,10.905,43.7288
OpenSeesTcl,3,11.005,44.7963
OpenSeesTcl,3,11.105,43.6105
OpenSeesTcl,3,11.205,44.6723
OpenSeesTcl,3,11.305,43.2593
OpenSeesTcl,3,11.405,42.9465
OpenSeesTcl,3,11.505,41.9216
OpenSeesTcl,3,11.605,40.7616
OpenSeesTcl,3,11.705,39.764
OpenSeesTcl,3,11.805,39.1126
OpenSeesTcl,3,11.905,38.4982
OpenSeesTcl,3,12.005,37.8063
OpenSeesTcl,3,12.105,38.2787
OpenSeesTcl,3,12.205,38.1943
OpenSeesTcl,3,12.305,38.2397
OpenSeesTcl,3,12.405,38.2746
OpenSeesTcl,3,12.505,38.1777
OpenSeesTcl,3,12.605,37.2458
OpenSeesTcl,3,12.705,37.0594
OpenSeesTcl,3,12.805,36.6003
OpenSeesTcl,3,12.905,36.1439
OpenSeesTcl,3,13.005,35.8418
OpenSeesTcl,3,13.105,35.6885
OpenSeesTcl,3,13.205,36.3259
OpenSeesTcl,3,13.305,37.0535
OpenSeesTcl,3,13.405,37.4184
OpenSeesTcl,3,13.505,37.0246
OpenSeesTcl,3,13.605,36.9076
OpenSeesTcl,3,13.705,36.0187
OpenSeesTcl,3,13.805,35.1616
OpenSeesTcl,3,13.905,34.8351
OpenSeesTcl,3,14.005,34.3489
OpenSeesTcl,3,14.105,34.6055
OpenSeesTcl,3,14.205,35.7755
OpenSeesTcl,3,14.305,36.6501
OpenSeesTcl,3,14.405,36.451
OpenSeesTcl,3,14.505,36.9753
OpenSeesTcl,3,14.605,37.6177
OpenSeesTcl,3,14.705,36.9004
OpenSeesTcl,3,14.805,36.2623
OpenSeesTcl,3,14.905,36.598
OpenSeesTcl,3,15.005,36.6847
OpenSeesTcl,3,15.105,36.6821
OpenSeesTcl,3,15.205,37.0277
OpenSeesTcl,3,15.305,36.613
OpenSeesTcl,3,15.405,36.119
OpenSeesTcl,3,15.505,35.897
OpenSeesTcl,3,15.605,35.6398
OpenSeesTcl,3,15.705,35.6163
OpenSeesTcl,3,15.805,35.5365
OpenSeesTcl,3,15.905,35.7658
OpenSeesTcl,3,16.005,36.2701
OpenSeesTcl,3,16.105,36.072
OpenSeesTcl,3,16.205,35.9446
OpenSeesTcl,3,16.305,36.073
OpenSeesTcl,3,16.405,35.9064
OpenSeesTcl,3,16.505,35.3374
OpenSeesTcl,3,16.605,34.6431
OpenSeesTcl,3,16.705,34.0456
OpenSeesTcl,3,16.805,33.7395
OpenSeesTcl,3,16.905,33.5443
OpenSeesTcl,3,17.005,33.3152
OpenSeesTcl,3,17.105,33.5471
OpenSeesTcl,3,17.205,33.5173
OpenSeesTcl,3,17.305,33.4122
OpenSeesTcl,3,17.405,33.4687
OpenSeesTcl,3,17.505,33.0515
OpenSeesTcl,3,17.605,32.8655
OpenSeesTcl,3,17.705,32.7192
OpenSeesTcl,3,17.805,32.5938
OpenSeesTcl,3,17.905,32.5445
OpenSeesTcl,3,18.005,32.9978
OpenSeesTcl,3,18.105,33.4165
OpenSeesTcl,3,18.205,33.0392
OpenSeesTcl,3,18.305,32.526
OpenSeesTcl,3,18.405,32.1416
OpenSeesTcl,3,18.505,31.875
OpenSeesTcl,3,18.605,31.597
OpenSeesTcl,3,18.705,31.4354
OpenSeesTcl,3,18.805,31.2412
OpenSeesTcl,3,18.905,31.0262
OpenSeesTcl,3,19.005,30.8361
OpenSeesTcl,3,19.105,30.6802
OpenSeesTcl,3,19.205,30.5352
OpenSeesTcl,3,19.305,30.4291
OpenSeesTcl,3,19.405,30.4537
OpenSeesTcl,3,19.505,30.6547
OpenSeesTcl,3,19.605,30.8208
OpenSeesTcl,3,19.705,31.2211
OpenSeesTcl,3,19.805,31.4837
OpenSeesTcl,3,19.905,31.7431
OpenSeesTcl,3,20.005,31.7161
OpenSeesTcl,3,20.105,31.4241
OpenSeesTcl,3,20.205,31.4675
OpenSeesTcl,3,20.305,31.594
OpenSeesTcl,3,20.405,31.6631
OpenSeesTcl,3,20.505,31.5426
OpenSeesTcl,3,20.605,31.4652
OpenSeesTcl,3,20.705,31.3316
OpenSeesTcl,3,20.805,31.2762
OpenSeesTcl,3,20.905,31.3513
OpenSeesTcl,3,21.005,31.5036
OpenSeesTcl,3,21.105,31.4038
OpenSeesTcl,3,21.205,31.2068
OpenSeesTcl,3,21.305,31.0169
OpenSeesTcl,3,21.405,30.8886
OpenSeesTcl,3,21.505,30.7337
OpenSeesTcl,3,21.605,30.5841
OpenSeesTcl,3,21.705,30.4372
OpenSeesTcl,3,21.805,30.3166
OpenSeesTcl,3,21.905,30.2147
OpenSeesTcl,3,22.005,30.2346
OpenSeesTcl,3,22.105,30.2507
OpenSeesTcl,3,22.205,30.2698
OpenSeesTcl,3,22.305,30.3088
OpenSeesTcl,3,22.405,30.2775
OpenSeesTcl,3,22.505,30.2109
OpenSeesTcl,3,22.605,30.1043
OpenSeesTcl,3,22.705,30.0078
OpenSeesTcl,3,22.805,29.9554
OpenSeesTcl,3,22.905,29.9688
OpenSeesTcl,3,23.005,29.9934
OpenSeesTcl,3,23.105,30.0323
OpenSeesTcl,3,23.205,30.0785
OpenSeesTcl,3,23.305,30.1561
OpenSeesTcl,3,23.405,30.3634
OpenSeesTcl,3,23.505,30.5355
OpenSeesTcl,3,23.605,30.6385
OpenSeesTcl,3,23.705,30.7802
OpenSeesTcl,3,23.805,31.0472
OpenSeesTcl,3,23.905,31.3822
OpenSeesTcl,3,24.005,31.6
OpenSeesTcl,3,24.105,31.7437
OpenSeesTcl,3,24.205,31.6707
OpenSeesTcl,3,24.305,31.5926
OpenSeesTcl,3,24.405,31.4937
OpenSeesTcl,3,24.505,31.3019
OpenSeesTcl,3,24.605,31.0993
OpenSeesTcl,3,24.705,30.8702
OpenSeesTcl,3,24.805,30.6946
OpenSeesTcl,3,24.905,30.5518
OpenSeesTcl,3,25.005,30.5024
OpenSeesTcl,3,25.105,30.4139
OpenSeesTcl,3,25.205,30.3224
OpenSeesTcl,3,25.305,30.4601
OpenSeesTcl,3,25.405,30.783
OpenSeesTcl,3,25.505,30.9602
OpenSeesTcl,3,25.605,31.3154
OpenSeesTcl,3,25.705,31.4897
OpenSeesTcl,3,25.805,31.6161
OpenSeesTcl,3,25.905,31.7819
OpenSeesTcl,3,26.005,31.8285
OpenSeesTcl,3,26.105,31.8089
OpenSeesTcl,3,26.205,31.8067
OpenSeesTcl,3,26.305,31.8444
OpenSeesTcl,3,26.405,31.8383
OpenSeesTcl,3,26.505,31.7364
OpenSeesTcl,3,26.605,31.6502
OpenSeesTcl,3,26.705,31.5183
OpenSeesTcl,3,26.805,31.4154
OpenSeesTcl,3,26.905,31.3745
OpenSeesTcl,3,27.005,31.5152
OpenSeesTcl,3,27.105,31.6784
OpenSeesTcl,3,27.205,31.7389
OpenSeesTcl,3,27.305,31.7762
OpenSeesTcl,3,27.405,31.7907
OpenSeesTcl,3,27.505,31.7593
OpenSeesTcl,3,27.605,31.612
OpenSeesTcl,3,27.705,31.3246
OpenSeesTcl,3,27.805,31.0524
OpenSeesTcl,3,27.905,30.8744
OpenSeesTcl,3,28.005,30.7246
OpenSeesTcl,3,28.105,30.6094
OpenSeesTcl,3,28.205,30.4525
OpenSeesTcl,3,28.305,30.3333
OpenSeesTcl,3,28.405,30.2259
OpenSeesTcl,3,28.505,30.1337
OpenSeesTcl,3,28.605,30.0638
OpenSeesTcl,3,28.705,29.9883
OpenSeesTcl,3,28.805,29.9235
OpenSeesTcl,3,28.905,29.8668
OpenSeesTcl,3,29.005,29.8168
OpenSeesTcl,3,29.105,29.7727
OpenSeesTcl,3,29.205,29.7649
OpenSeesTcl,3,29.305,29.7524
OpenSeesTcl,3,29.405,29.7107
OpenSeesTcl,3,29.505,29.6736
OpenSeesTcl,3,29.605,29.6438
OpenSeesTcl,3,29.705,29.6187
OpenSeesTcl,3,29.805,29.5968
OpenSeesTcl,3,29.905,29.5776
OpenSeesTcl,3,30.005,29.5607
OpenSeesTcl,3,30.105,29.5458
OpenSeesTcl,3,30.205,29.5361
OpenSeesTcl,3,30.305,29.5283
OpenSeesTcl,3,30.405,29.5182
OpenSeesTcl,3,30.505,29.5059
OpenSeesTcl,3,30.605,29.4962
OpenSeesTcl,3,30.705,29.4882
OpenSeesTcl,3,30.805,29.4814
OpenSeesTcl,3,30.905,29.4755
OpenSeesTcl,3,31.005,29.4703
OpenSeesTcl,3,31.105,29.4657
OpenSeesTcl,3,31.205,29.4616
OpenSeesTcl,3,31.305,29.458
OpenSeesTcl,3,31.405,29.4548
OpenSeesTcl,3,31.505,29.452
OpenSeesTcl,3,31.605,29.4494
OpenSeesTcl,3,31.705,29.4472
OpenSeesTcl,3,31.805,29.4453
OpenSeesTcl,3,31.905,29.4435
OpenSeesTcl,3,32.005,29.442
OpenSeesTcl,3,32.105,29.4406
OpenSeesTcl,3,32.205,29.4394
OpenSeesTcl,3,32.305,29.4383
OpenSeesTcl,3,32.405,29.4374
