Time_s,Acceleration_g
0,-0.029
0.01,0.019
0.02,-0.017
0.03,0.012
0.04,-0.012
0.05,0.008
0.06,-0.009
0.07,0.006
0.08,-0.008
0.09,0.005
0.1,-0.007
0.11,0.004
0.12,-0.006
0.13,0.004
0.14,-0.005
0.15,0.003
0.16,-0.005
0.17,0.003
0.18,-0.004
0.19,0.003
0.2,-0.004
0.21,0.003
0.22,-0.003
0.23,0.002
0.24,-0.003
0.25,0.002
0.26,-0.003
0.27,0.002
0.28,-0.002
0.29,0.002
0.3,-0.002
0.31,0.002
0.32,-0.001
0.33,0.003
0.34,-0.002
0.35,0.002
0.36,-0.002
0.37,0.002
0.38,-0.002
0.39,0.002
0.4,-0.002
0.41,0.002
0.42,0
0.43,0.004
0.44,0.001
0.45,0.004
0.46,0
0.47,0.002
0.48,-0.001
0.49,0.002
0.5,0
0.51,0.003
0.52,0
0.53,0.003
0.54,0.002
0.55,0.006
0.56,0.003
0.57,0.003
0.58,-0.002
0.59,0
0.6,-0.001
0.61,0.002
0.62,-0.001
0.63,0
0.64,-0.003
0.65,0
0.66,0.001
0.67,0.005
0.68,0.005
0.69,0.008
0.7,0.006
0.71,0.005
0.72,0.001
0.73,0
0.74,-0.004
0.75,-0.002
0.76,-0.001
0.77,0.004
0.78,0.004
0.79,0.009
0.8,0.009
0.81,0.012
0.82,0.01
0.83,0.01
0.84,0.005
0.85,0.002
0.86,-0.001
0.87,-0.001
0.88,-0.003
0.89,0
0.9,0.002
0.91,0.006
0.92,0.004
0.93,0.005
0.94,0.002
0.95,0.002
0.96,0.001
0.97,0.002
0.98,-0.001
0.99,-0.003
1,-0.007
1.01,-0.004
1.02,0
1.03,0.007
1.04,0.011
1.05,0.015
1.06,0.017
1.07,0.019
1.08,0.014
1.09,0.01
1.1,0.005
1.11,0.003
1.12,-0.001
1.13,-0.004
1.14,-0.006
1.15,-0.005
1.16,-0.009
1.17,-0.012
1.18,-0.011
1.19,-0.004
1.2,0
1.21,0.003
1.22,0.001
1.23,0.001
1.24,0
1.25,0.002
1.26,0.003
1.27,0.005
1.28,0.003
1.29,0.006
1.3,0.012
1.31,0.024
1.32,0.031
1.33,0.034
1.34,0.027
1.35,0.019
1.36,0.006
1.37,-0.003
1.38,-0.012
1.39,-0.019
1.4,-0.026
1.41,-0.025
1.42,-0.021
1.43,-0.011
1.44,0.003
1.45,0.019
1.46,0.03
1.47,0.033
1.48,0.022
1.49,0.006
1.5,-0.011
1.51,-0.02
1.52,-0.019
1.53,-0.005
1.54,0.013
1.55,0.028
1.56,0.032
1.57,0.03
1.58,0.023
1.59,0.018
1.6,0.005
1.61,-0.007
1.62,-0.015
1.63,-0.012
1.64,-0.005
1.65,0.003
1.66,0.011
1.67,0.023
1.68,0.029
1.69,0.028
1.7,0.017
1.71,0.004
1.72,-0.007
1.73,-0.008
1.74,-0.009
1.75,-0.01
1.76,-0.013
1.77,-0.012
1.78,-0.012
1.79,-0.011
1.8,-0.01
1.81,-0.009
1.82,-0.01
1.83,-0.002
1.84,0.008
1.85,0.014
1.86,0.012
1.87,0.009
1.88,0.007
1.89,0.007
1.9,-0.002
1.91,-0.012
1.92,-0.016
1.93,-0.003
1.94,0.019
1.95,0.038
1.96,0.044
1.97,0.044
1.98,0.033
1.99,0.01
2,-0.021
2.01,-0.039
2.02,-0.042
2.03,-0.035
2.04,-0.02
2.05,0.001
2.06,0.018
2.07,0.028
2.08,0.027
2.09,0.017
2.1,0.002
2.11,-0.004
2.12,-0.005
2.13,-0.01
2.14,-0.021
2.15,-0.022
2.16,-0.01
2.17,0.008
2.18,0.022
2.19,0.032
2.2,0.024
2.21,0.005
2.22,-0.008
2.23,-0.003
2.24,0.011
2.25,0.024
2.26,0.023
2.27,0.011
2.28,-0.005
2.29,-0.021
2.3,-0.038
2.31,-0.039
2.32,-0.023
2.33,-0.004
2.34,0
2.35,0
2.36,0.004
2.37,0.009
2.38,0.005
2.39,-0.005
2.4,-0.017
2.41,-0.019
2.42,-0.013
2.43,0.002
2.44,0.02
2.45,0.037
2.46,0.038
2.47,0.02
2.48,-0.002
2.49,-0.019
2.5,-0.033
2.51,-0.044
2.52,-0.052
2.53,-0.047
2.54,-0.034
2.55,-0.019
2.56,-0.004
2.57,0.013
2.58,0.023
2.59,0.025
2.6,0.021
2.61,0.014
2.62,0.003
2.63,-0.005
2.64,-0.003
2.65,0.009
2.66,0.022
2.67,0.031
2.68,0.03
2.69,0.025
2.7,0.012
2.71,-0.004
2.72,-0.02
2.73,-0.026
2.74,-0.025
2.75,-0.022
2.76,-0.026
2.77,-0.034
2.78,-0.044
2.79,-0.049
2.8,-0.046
2.81,-0.033
2.82,-0.017
2.83,0
2.84,0.014
2.85,0.026
2.86,0.028
2.87,0.021
2.88,0.01
2.89,0.002
2.9,-0.001
2.91,0.005
2.92,0.012
2.93,0.011
2.94,0.001
2.95,-0.011
2.96,-0.023
2.97,-0.034
2.98,-0.042
2.99,-0.043
3,-0.047
3.01,-0.047
3.02,-0.042
3.03,-0.031
3.04,-0.022
3.05,-0.017
3.06,-0.02
3.07,-0.021
3.08,-0.013
3.09,-0.003
3.1,0
3.11,-0.001
3.12,0
3.13,0.003
3.14,0.003
3.15,0.004
3.16,0.004
3.17,0.002
3.18,-0.008
3.19,-0.02
3.2,-0.03
3.21,-0.034
3.22,-0.035
3.23,-0.033
3.24,-0.026
3.25,-0.017
3.26,-0.008
3.27,-0.002
3.28,-0.001
3.29,-0.009
3.3,-0.026
3.31,-0.041
3.32,-0.051
3.33,-0.057
3.34,-0.059
3.35,-0.055
3.36,-0.047
3.37,-0.035
3.38,-0.026
3.39,-0.023
3.4,-0.027
3.41,-0.031
3.42,-0.03
3.43,-0.025
3.44,-0.019
3.45,-0.014
3.46,-0.013
3.47,-0.012
3.48,-0.01
3.49,-0.003
3.5,0.003
3.51,0.007
3.52,0.003
3.53,-0.002
3.54,-0.01
3.55,-0.019
3.56,-0.026
3.57,-0.029
3.58,-0.028
3.59,-0.027
3.6,-0.031
3.61,-0.039
3.62,-0.046
3.63,-0.048
3.64,-0.049
3.65,-0.041
3.66,-0.022
3.67,0.004
3.68,0.029
3.69,0.052
3.7,0.065
3.71,0.071
3.72,0.078
3.73,0.089
3.74,0.094
3.75,0.093
3.76,0.084
3.77,0.066
3.78,0.05
3.79,0.042
3.8,0.036
3.81,0.034
3.82,0.032
3.83,0.03
3.84,0.02
3.85,0.003
3.86,-0.012
3.87,-0.012
3.88,-0.001
3.89,0.012
3.9,0.017
3.91,0.01
3.92,-0.014
3.93,-0.046
3.94,-0.077
3.95,-0.099
3.96,-0.107
3.97,-0.104
3.98,-0.092
3.99,-0.068
4,-0.041
4.01,-0.022
4.02,-0.015
4.03,-0.013
4.04,-0.014
4.05,-0.017
4.06,-0.02
4.07,-0.021
4.08,-0.019
4.09,-0.011
4.1,-0.003
4.11,0.001
4.12,-0.002
4.13,-0.007
4.14,-0.019
4.15,-0.038
4.16,-0.055
4.17,-0.066
4.18,-0.07
4.19,-0.067
4.2,-0.061
4.21,-0.051
4.22,-0.044
4.23,-0.042
4.24,-0.048
4.25,-0.051
4.26,-0.049
4.27,-0.045
4.28,-0.035
4.29,-0.013
4.3,0.016
4.31,0.044
4.32,0.062
4.33,0.074
4.34,0.085
4.35,0.093
4.36,0.098
4.37,0.099
4.38,0.094
4.39,0.088
4.4,0.083
4.41,0.086
4.42,0.092
4.43,0.095
4.44,0.098
4.45,0.105
4.46,0.115
4.47,0.124
4.48,0.134
4.49,0.145
4.5,0.157
4.51,0.173
4.52,0.191
4.53,0.209
4.54,0.221
4.55,0.227
4.56,0.226
4.57,0.216
4.58,0.191
4.59,0.159
4.6,0.131
4.61,0.114
4.62,0.106
4.63,0.105
4.64,0.108
4.65,0.111
4.66,0.107
4.67,0.099
4.68,0.09
4.69,0.08
4.7,0.066
4.71,0.053
4.72,0.043
4.73,0.034
4.74,0.02
4.75,0.002
4.76,-0.017
4.77,-0.03
4.78,-0.036
4.79,-0.041
4.8,-0.05
4.81,-0.06
4.82,-0.069
4.83,-0.068
4.84,-0.062
4.85,-0.055
4.86,-0.046
4.87,-0.039
4.88,-0.028
4.89,-0.017
4.9,-0.015
4.91,-0.016
4.92,-0.021
4.93,-0.032
4.94,-0.059
4.95,-0.093
4.96,-0.126
4.97,-0.149
4.98,-0.164
4.99,-0.169
5,-0.166
5.01,-0.153
5.02,-0.129
5.03,-0.099
5.04,-0.079
5.05,-0.073
5.06,-0.074
5.07,-0.074
5.08,-0.072
5.09,-0.066
5.1,-0.056
5.11,-0.042
5.12,-0.026
5.13,-0.013
5.14,-0.009
5.15,-0.016
5.16,-0.033
5.17,-0.055
5.18,-0.082
5.19,-0.111
5.2,-0.137
5.21,-0.153
5.22,-0.164
5.23,-0.164
5.24,-0.157
5.25,-0.141
5.26,-0.123
5.27,-0.108
5.28,-0.098
5.29,-0.087
5.3,-0.068
5.31,-0.046
5.32,-0.03
5.33,-0.013
5.34,0.01
5.35,0.042
5.36,0.08
5.37,0.112
5.38,0.12
5.39,0.114
5.4,0.112
5.41,0.116
5.42,0.117
5.43,0.116
5.44,0.099
5.45,0.057
5.46,0.001
5.47,-0.039
5.48,-0.05
5.49,-0.044
5.5,-0.03
5.51,-0.003
5.52,0.021
5.53,0.027
5.54,0.02
5.55,0.007
5.56,-0.017
5.57,-0.05
5.58,-0.083
5.59,-0.107
5.6,-0.125
5.61,-0.133
5.62,-0.128
5.63,-0.118
5.64,-0.109
5.65,-0.101
5.66,-0.097
5.67,-0.1
5.68,-0.098
5.69,-0.08
5.7,-0.06
5.71,-0.034
5.72,0.001
5.73,0.046
5.74,0.078
5.75,0.092
5.76,0.095
5.77,0.077
5.78,0.044
5.79,0.016
5.8,0.004
5.81,0.01
5.82,0.025
5.83,0.03
5.84,0.03
5.85,0.043
5.86,0.062
5.87,0.075
5.88,0.073
5.89,0.065
5.9,0.054
5.91,0.033
5.92,-0.003
5.93,-0.048
5.94,-0.095
5.95,-0.121
5.96,-0.111
5.97,-0.065
5.98,0.001
5.99,0.061
6,0.105
6.01,0.142
6.02,0.158
6.03,0.152
6.04,0.138
6.05,0.114
6.06,0.096
6.07,0.101
6.08,0.111
6.09,0.116
6.1,0.125
6.11,0.141
6.12,0.155
6.13,0.154
6.14,0.141
6.15,0.125
6.16,0.107
6.17,0.086
6.18,0.066
6.19,0.05
6.2,0.046
6.21,0.05
6.22,0.046
6.23,0.032
6.24,0.014
6.25,-0.012
6.26,-0.048
6.27,-0.088
6.28,-0.118
6.29,-0.129
6.3,-0.131
6.31,-0.14
6.32,-0.155
6.33,-0.16
6.34,-0.148
6.35,-0.135
6.36,-0.137
6.37,-0.146
6.38,-0.149
6.39,-0.142
6.4,-0.122
6.41,-0.106
6.42,-0.11
6.43,-0.122
6.44,-0.135
6.45,-0.15
6.46,-0.146
6.47,-0.119
6.48,-0.09
6.49,-0.066
6.5,-0.034
6.51,0.025
6.52,0.075
6.53,0.071
6.54,0.033
6.55,0.009
6.56,0.006
6.57,0.006
6.58,-0.007
6.59,-0.035
6.6,-0.05
6.61,-0.031
6.62,-0.013
6.63,0.001
6.64,0.039
6.65,0.065
6.66,0.03
6.67,-0.045
6.68,-0.115
6.69,-0.162
6.7,-0.193
6.71,-0.209
6.72,-0.215
6.73,-0.207
6.74,-0.162
6.75,-0.091
6.76,-0.036
6.77,-0.004
6.78,0.024
6.79,0.057
6.8,0.081
6.81,0.084
6.82,0.067
6.83,0.056
6.84,0.062
6.85,0.076
6.86,0.087
6.87,0.102
6.88,0.132
6.89,0.182
6.9,0.238
6.91,0.279
6.92,0.302
6.93,0.312
6.94,0.292
6.95,0.228
6.96,0.145
6.97,0.085
6.98,0.06
6.99,0.057
7,0.063
7.01,0.065
7.02,0.066
7.03,0.068
7.04,0.053
7.05,0.022
7.06,-0.001
7.07,-0.003
7.08,0.003
7.09,0
7.1,-0.006
7.11,-0.007
7.12,-0.007
7.13,-0.015
7.14,-0.036
7.15,-0.05
7.16,-0.048
7.17,-0.046
7.18,-0.045
7.19,-0.033
7.2,-0.016
7.21,0.007
7.22,0.021
7.23,0.028
7.24,0.043
7.25,0.066
7.26,0.076
7.27,0.067
7.28,0.045
7.29,0.024
7.3,0.006
7.31,-0.011
7.32,-0.023
7.33,-0.002
7.34,0.046
7.35,0.08
7.36,0.087
7.37,0.086
7.38,0.085
7.39,0.081
7.4,0.066
7.41,0.049
7.42,0.034
7.43,0.026
7.44,0.021
7.45,0.018
7.46,0.023
7.47,0.042
7.48,0.063
7.49,0.08
7.5,0.085
7.51,0.077
7.52,0.064
7.53,0.043
7.54,0.01
7.55,-0.025
7.56,-0.052
7.57,-0.072
7.58,-0.087
7.59,-0.089
7.6,-0.085
7.61,-0.092
7.62,-0.107
7.63,-0.113
7.64,-0.116
7.65,-0.118
7.66,-0.115
7.67,-0.095
7.68,-0.052
7.69,0.005
7.7,0.044
7.71,0.057
7.72,0.053
7.73,0.042
7.74,0.036
7.75,0.033
7.76,0.031
7.77,0.035
7.78,0.042
7.79,0.052
7.8,0.064
7.81,0.081
7.82,0.099
7.83,0.102
7.84,0.085
7.85,0.063
7.86,0.045
7.87,0.031
7.88,0.015
7.89,-0.006
7.9,-0.034
7.91,-0.066
7.92,-0.091
7.93,-0.107
7.94,-0.118
7.95,-0.129
7.96,-0.137
7.97,-0.142
7.98,-0.149
7.99,-0.158
8,-0.171
8.01,-0.186
8.02,-0.2
8.03,-0.206
8.04,-0.203
8.05,-0.189
8.06,-0.162
8.07,-0.112
8.08,-0.051
8.09,-0.009
8.1,0.007
8.11,0.01
8.12,0.009
8.13,0.013
8.14,0.013
8.15,0.008
8.16,0.003
8.17,0.005
8.18,0.011
8.19,0.02
8.2,0.026
8.21,0.033
8.22,0.042
8.23,0.049
8.24,0.055
8.25,0.066
8.26,0.083
8.27,0.094
8.28,0.086
8.29,0.06
8.3,0.026
8.31,-0.007
8.32,-0.037
8.33,-0.063
8.34,-0.081
8.35,-0.091
8.36,-0.094
8.37,-0.093
8.38,-0.089
8.39,-0.082
8.4,-0.076
8.41,-0.074
8.42,-0.075
8.43,-0.078
8.44,-0.084
8.45,-0.092
8.46,-0.099
8.47,-0.101
8.48,-0.095
8.49,-0.083
8.5,-0.065
8.51,-0.043
8.52,-0.018
8.53,0.007
8.54,0.029
8.55,0.045
8.56,0.057
8.57,0.066
8.58,0.071
8.59,0.074
8.6,0.074
8.61,0.075
8.62,0.081
8.63,0.093
8.64,0.106
8.65,0.116
8.66,0.124
8.67,0.137
8.68,0.155
8.69,0.172
8.7,0.182
8.71,0.185
8.72,0.177
8.73,0.158
8.74,0.133
8.75,0.111
8.76,0.097
8.77,0.088
8.78,0.081
8.79,0.079
8.8,0.079
8.81,0.081
8.82,0.08
8.83,0.077
8.84,0.073
8.85,0.066
8.86,0.055
8.87,0.041
8.88,0.023
8.89,0.004
8.9,-0.015
8.91,-0.033
8.92,-0.052
8.93,-0.07
8.94,-0.085
8.95,-0.095
8.96,-0.104
8.97,-0.112
8.98,-0.117
8.99,-0.112
9,-0.091
9.01,-0.059
9.02,-0.031
9.03,-0.01
9.04,0.004
9.05,0.011
9.06,0.009
9.07,-0.002
9.08,-0.016
9.09,-0.026
9.1,-0.026
9.11,-0.013
9.12,0.007
9.13,0.028
9.14,0.044
9.15,0.048
9.16,0.037
9.17,0.019
9.18,-0.001
9.19,-0.016
9.2,-0.023
9.21,-0.024
9.22,-0.022
9.23,-0.014
9.24,-0.004
9.25,0.004
9.26,0.01
9.27,0.017
9.28,0.02
9.29,0.018
9.3,0.012
9.31,0.002
9.32,-0.008
9.33,-0.019
9.34,-0.03
9.35,-0.04
9.36,-0.052
9.37,-0.065
9.38,-0.077
9.39,-0.086
9.4,-0.094
9.41,-0.1
9.42,-0.104
9.43,-0.107
9.44,-0.111
9.45,-0.113
9.46,-0.114
9.47,-0.111
9.48,-0.105
9.49,-0.097
9.5,-0.089
9.51,-0.083
9.52,-0.078
9.53,-0.07
9.54,-0.06
9.55,-0.048
9.56,-0.034
9.57,-0.017
9.58,0.002
9.59,0.019
9.6,0.034
9.61,0.047
9.62,0.054
9.63,0.058
9.64,0.055
9.65,0.049
9.66,0.042
9.67,0.036
9.68,0.03
9.69,0.023
9.7,0.018
9.71,0.019
9.72,0.022
9.73,0.026
9.74,0.03
9.75,0.037
9.76,0.044
9.77,0.05
9.78,0.052
9.79,0.053
9.8,0.052
9.81,0.048
9.82,0.041
9.83,0.034
9.84,0.027
9.85,0.023
9.86,0.024
9.87,0.031
9.88,0.039
9.89,0.048
9.9,0.055
9.91,0.061
9.92,0.061
9.93,0.056
9.94,0.045
9.95,0.033
9.96,0.022
9.97,0.012
9.98,0.006
9.99,0.006
10,0.008
10.01,0.007
10.02,0.004
10.03,-0.001
10.04,-0.007
10.05,-0.013
10.06,-0.018
10.07,-0.019
10.08,-0.018
10.09,-0.015
10.1,-0.009
10.11,0
10.12,0.011
10.13,0.02
10.14,0.028
10.15,0.033
10.16,0.036
10.17,0.035
10.18,0.033
10.19,0.032
10.2,0.03
10.21,0.03
10.22,0.03
10.23,0.033
10.24,0.035
10.25,0.035
10.26,0.035
10.27,0.035
10.28,0.035
10.29,0.033
10.3,0.026
10.31,0.013
10.32,0
10.33,-0.01
10.34,-0.017
10.35,-0.021
10.36,-0.021
10.37,-0.019
10.38,-0.017
10.39,-0.013
10.4,-0.012
10.41,-0.013
10.42,-0.017
10.43,-0.021
10.44,-0.023
10.45,-0.025
10.46,-0.027
10.47,-0.029
10.48,-0.031
10.49,-0.029
10.5,-0.025
10.51,-0.019
10.52,-0.016
10.53,-0.015
10.54,-0.017
10.55,-0.02
10.56,-0.024
10.57,-0.028
10.58,-0.031
10.59,-0.03
10.6,-0.03
10.61,-0.03
10.62,-0.032
10.63,-0.033
10.64,-0.034
10.65,-0.035
10.66,-0.036
10.67,-0.038
10.68,-0.036
10.69,-0.03
10.7,-0.022
10.71,-0.013
10.72,-0.004
10.73,0.004
10.74,0.01
10.75,0.016
10.76,0.022
10.77,0.027
10.78,0.03
10.79,0.03
10.8,0.03
10.81,0.031
10.82,0.033
10.83,0.033
10.84,0.029
10.85,0.025
10.86,0.025
10.87,0.026
10.88,0.025
10.89,0.024
10.9,0.023
10.91,0.019
10.92,0.011
10.93,0.001
10.94,-0.009
10.95,-0.018
10.96,-0.023
10.97,-0.022
10.98,-0.021
10.99,-0.022
11,-0.025
11.01,-0.027
11.02,-0.028
11.03,-0.028
11.04,-0.026
11.05,-0.02
11.06,-0.012
11.07,-0.008
11.08,-0.008
11.09,-0.007
11.1,-0.001
11.11,0.005
11.12,0.01
11.13,0.012
11.14,0.011
11.15,0.01
11.16,0.009
11.17,0.011
11.18,0.016
11.19,0.02
11.2,0.023
11.21,0.026
11.22,0.028
11.23,0.029
11.24,0.03
11.25,0.032
11.26,0.035
11.27,0.037
11.28,0.035
11.29,0.032
11.3,0.03
11.31,0.026
11.32,0.02
11.33,0.013
11.34,0.007
11.35,0.003
11.36,0
11.37,0.004
11.38,0.009
11.39,0.011
11.4,0.012
11.41,0.012
11.42,0.013
11.43,0.015
11.44,0.014
11.45,0.011
11.46,0.007
11.47,0.006
11.48,0.005
11.49,0.004
11.5,0.002
11.51,0
11.52,-0.002
11.53,-0.004
11.54,-0.005
11.55,-0.005
11.56,-0.004
11.57,-0.004
11.58,-0.006
11.59,-0.008
11.6,-0.01
11.61,-0.013
11.62,-0.017
11.63,-0.019
11.64,-0.019
11.65,-0.018
11.66,-0.018
11.67,-0.017
11.68,-0.014
11.69,-0.011
11.7,-0.009
11.71,-0.012
11.72,-0.015
11.73,-0.016
11.74,-0.015
11.75,-0.013
11.76,-0.01
11.77,-0.005
11.78,-0.002
11.79,-0.001
11.8,-0.002
11.81,-0.004
11.82,-0.008
11.83,-0.012
11.84,-0.015
11.85,-0.017
11.86,-0.019
11.87,-0.022
11.88,-0.027
11.89,-0.032
11.9,-0.034
11.91,-0.036
11.92,-0.037
11.93,-0.036
11.94,-0.034
11.95,-0.031
11.96,-0.027
11.97,-0.022
11.98,-0.018
11.99,-0.012
12,-0.008
12.01,-0.005
12.02,-0.002
12.03,0.004
12.04,0.01
12.05,0.014
12.06,0.016
12.07,0.018
12.08,0.019
12.09,0.016
12.1,0.012
12.11,0.01
12.12,0.01
12.13,0.013
12.14,0.015
12.15,0.014
12.16,0.011
12.17,0.006
12.18,-0.002
12.19,-0.013
12.2,-0.022
12.21,-0.023
12.22,-0.016
12.23,-0.008
12.24,0.001
12.25,0.008
12.26,0.012
12.27,0.014
12.28,0.015
12.29,0.016
12.3,0.017
12.31,0.017
12.32,0.017
12.33,0.015
12.34,0.011
12.35,0.009
12.36,0.013
12.37,0.019
12.38,0.028
12.39,0.035
12.4,0.037
12.41,0.033
12.42,0.027
12.43,0.023
12.44,0.021
12.45,0.021
12.46,0.02
12.47,0.018
12.48,0.014
12.49,0.012
12.5,0.01
12.51,0.009
12.52,0.011
12.53,0.014
12.54,0.015
12.55,0.013
12.56,0.009
12.57,0.006
12.58,0.003
12.59,-0.002
12.6,-0.009
12.61,-0.017
12.62,-0.022
12.63,-0.023
12.64,-0.022
12.65,-0.019
12.66,-0.019
12.67,-0.021
12.68,-0.024
12.69,-0.024
12.7,-0.021
12.71,-0.018
12.72,-0.014
12.73,-0.012
12.74,-0.014
12.75,-0.014
12.76,-0.013
12.77,-0.01
12.78,-0.008
12.79,-0.009
12.8,-0.014
12.81,-0.019
12.82,-0.022
12.83,-0.024
12.84,-0.024
12.85,-0.022
12.86,-0.019
12.87,-0.016
12.88,-0.013
12.89,-0.011
12.9,-0.009
12.91,-0.005
12.92,0
12.93,0.006
12.94,0.01
12.95,0.014
12.96,0.016
12.97,0.016
12.98,0.017
12.99,0.021
13,0.024
13.01,0.024
13.02,0.021
13.03,0.015
13.04,0.009
13.05,0.005
13.06,0.003
13.07,0.002
13.08,-0.001
13.09,-0.004
13.1,-0.008
13.11,-0.011
13.12,-0.015
13.13,-0.019
13.14,-0.02
13.15,-0.018
13.16,-0.015
13.17,-0.012
13.18,-0.008
13.19,-0.001
13.2,0.004
13.21,0.007
13.22,0.006
13.23,0.005
13.24,0.007
13.25,0.009
13.26,0.011
13.27,0.011
13.28,0.011
13.29,0.01
13.3,0.007
13.31,0.005
13.32,0.002
13.33,-0.003
13.34,-0.009
13.35,-0.013
13.36,-0.014
13.37,-0.014
13.38,-0.012
13.39,-0.01
13.4,-0.01
13.41,-0.008
13.42,-0.008
13.43,-0.011
13.44,-0.015
13.45,-0.02
13.46,-0.025
13.47,-0.027
13.48,-0.027
13.49,-0.024
13.5,-0.02
13.51,-0.016
13.52,-0.014
13.53,-0.012
13.54,-0.01
13.55,-0.008
13.56,-0.003
13.57,0.003
13.58,0.009
13.59,0.013
13.6,0.016
13.61,0.018
13.62,0.018
13.63,0.016
13.64,0.015
13.65,0.016
13.66,0.017
13.67,0.016
13.68,0.014
13.69,0.013
13.7,0.013
13.71,0.014
13.72,0.013
13.73,0.012
13.74,0.01
13.75,0.009
13.76,0.008
13.77,0.009
13.78,0.012
13.79,0.016
13.8,0.016
13.81,0.012
13.82,0.006
13.83,0.002
13.84,-0.002
13.85,-0.004
13.86,-0.004
13.87,-0.002
13.88,0
13.89,-0.001
13.9,-0.003
13.91,-0.004
13.92,-0.001
13.93,0.004
13.94,0.007
13.95,0.01
13.96,0.013
13.97,0.018
13.98,0.026
13.99,0.032
14,0.034
14.01,0.033
14.02,0.031
14.03,0.031
14.04,0.033
14.05,0.036
14.06,0.037
14.07,0.04
14.08,0.043
14.09,0.038
14.1,0.027
14.11,0.015
14.12,0.004
14.13,-0.008
14.14,-0.02
14.15,-0.025
14.16,-0.027
14.17,-0.026
14.18,-0.023
14.19,-0.016
14.2,-0.006
14.21,0.001
14.22,0.001
14.23,0
14.24,-0.002
14.25,-0.003
14.26,-0.003
14.27,-0.001
14.28,0.002
14.29,0.005
14.3,0.006
14.31,0.007
14.32,0.008
14.33,0.008
14.34,0.005
14.35,0
14.36,-0.005
14.37,-0.008
14.38,-0.009
14.39,-0.011
14.4,-0.017
14.41,-0.023
14.42,-0.028
14.43,-0.032
14.44,-0.034
14.45,-0.035
14.46,-0.035
14.47,-0.033
14.48,-0.029
14.49,-0.027
14.5,-0.026
14.51,-0.024
14.52,-0.022
14.53,-0.02
14.54,-0.02
14.55,-0.021
14.56,-0.019
14.57,-0.014
14.58,-0.011
14.59,-0.007
14.6,-0.003
14.61,0.001
14.62,0.002
14.63,0.002
14.64,0.001
14.65,0
14.66,-0.002
14.67,-0.004
14.68,-0.004
14.69,-0.004
14.7,-0.005
14.71,-0.007
14.72,-0.009
14.73,-0.01
14.74,-0.01
14.75,-0.01
14.76,-0.01
14.77,-0.009
14.78,-0.007
14.79,-0.003
14.8,0.001
14.81,0.004
14.82,0.009
14.83,0.015
14.84,0.019
14.85,0.021
14.86,0.022
14.87,0.023
14.88,0.023
14.89,0.023
14.9,0.023
14.91,0.023
14.92,0.02
14.93,0.014
14.94,0.006
14.95,-0.002
14.96,-0.01
14.97,-0.015
14.98,-0.019
14.99,-0.022
15,-0.026
15.01,-0.029
15.02,-0.031
15.03,-0.029
15.04,-0.024
15.05,-0.018
15.06,-0.013
15.07,-0.011
15.08,-0.01
15.09,-0.01
15.1,-0.01
15.11,-0.011
15.12,-0.013
15.13,-0.014
15.14,-0.012
15.15,-0.007
15.16,-0.001
15.17,0.004
15.18,0.005
15.19,0.006
15.2,0.007
15.21,0.008
15.22,0.009
15.23,0.008
15.24,0.004
15.25,0.001
15.26,-0.001
15.27,0
15.28,0.001
15.29,0.002
15.3,0.006
15.31,0.008
15.32,0.007
15.33,0.005
15.34,0.003
15.35,0.004
15.36,0.007
15.37,0.011
15.38,0.015
15.39,0.018
15.4,0.018
15.41,0.015
15.42,0.011
15.43,0.009
15.44,0.007
15.45,0.005
15.46,0.002
15.47,-0.003
15.48,-0.006
15.49,-0.008
15.5,-0.008
15.51,-0.008
15.52,-0.009
15.53,-0.008
15.54,-0.002
15.55,0.004
15.56,0.008
15.57,0.01
15.58,0.011
15.59,0.009
15.6,0.006
15.61,0.002
15.62,-0.004
15.63,-0.009
15.64,-0.013
15.65,-0.013
15.66,-0.012
15.67,-0.01
15.68,-0.012
15.69,-0.015
15.7,-0.015
15.71,-0.012
15.72,-0.005
15.73,0.002
15.74,0.007
15.75,0.01
15.76,0.011
15.77,0.012
15.78,0.012
15.79,0.012
15.8,0.011
15.81,0.013
15.82,0.016
15.83,0.019
15.84,0.021
15.85,0.023
15.86,0.023
15.87,0.021
15.88,0.015
15.89,0.008
15.9,0.002
15.91,-0.003
15.92,-0.006
15.93,-0.008
15.94,-0.011
15.95,-0.013
15.96,-0.015
15.97,-0.015
15.98,-0.014
15.99,-0.014
16,-0.015
16.01,-0.018
16.02,-0.02
16.03,-0.021
16.04,-0.018
16.05,-0.014
16.06,-0.008
16.07,-0.003
16.08,0
16.09,0.004
16.1,0.006
16.11,0.007
16.12,0.01
16.13,0.013
16.14,0.013
16.15,0.013
16.16,0.012
16.17,0.009
16.18,0.004
16.19,0
16.2,-0.001
16.21,0.002
16.22,0.006
16.23,0.007
16.24,0.006
16.25,0.004
16.26,0.003
16.27,0.003
16.28,0.003
16.29,0.003
16.3,0.003
16.31,0.004
16.32,0.004
16.33,0.004
16.34,0.002
16.35,0.002
16.36,0.003
16.37,0.004
16.38,0.002
16.39,0.001
16.4,0.002
16.41,0.004
16.42,0.007
16.43,0.009
16.44,0.01
16.45,0.013
16.46,0.014
16.47,0.014
16.48,0.012
16.49,0.008
16.5,0.006
16.51,0.006
16.52,0.006
16.53,0.005
16.54,0.005
16.55,0.004
16.56,0.004
16.57,0.003
16.58,0.003
16.59,0.001
16.6,-0.001
16.61,0
16.62,0.001
16.63,0.003
16.64,0.004
16.65,0.004
16.66,0.004
16.67,0.005
16.68,0.005
16.69,0.005
16.7,0.003
16.71,0
16.72,-0.005
16.73,-0.011
16.74,-0.016
16.75,-0.021
16.76,-0.027
16.77,-0.03
16.78,-0.029
16.79,-0.027
16.8,-0.024
16.81,-0.02
16.82,-0.015
16.83,-0.012
16.84,-0.009
16.85,-0.007
16.86,-0.006
16.87,-0.004
16.88,-0.001
16.89,0.003
16.9,0.006
16.91,0.009
16.92,0.011
16.93,0.012
16.94,0.013
16.95,0.013
16.96,0.014
16.97,0.014
16.98,0.014
16.99,0.012
17,0.009
17.01,0.005
17.02,-0.001
17.03,-0.007
17.04,-0.012
17.05,-0.015
17.06,-0.017
17.07,-0.019
17.08,-0.021
17.09,-0.019
17.1,-0.018
17.11,-0.015
17.12,-0.012
17.13,-0.008
17.14,-0.005
17.15,-0.003
17.16,-0.002
17.17,0.002
17.18,0.009
17.19,0.016
17.2,0.022
17.21,0.027
17.22,0.029
17.23,0.031
17.24,0.032
17.25,0.031
17.26,0.03
17.27,0.027
17.28,0.025
17.29,0.023
17.3,0.022
17.31,0.021
17.32,0.021
17.33,0.021
17.34,0.02
17.35,0.016
17.36,0.009
17.37,0.001
17.38,-0.005
17.39,-0.012
17.4,-0.019
17.41,-0.024
17.42,-0.028
17.43,-0.03
17.44,-0.029
17.45,-0.027
17.46,-0.025
17.47,-0.023
17.48,-0.019
17.49,-0.014
17.5,-0.01
17.51,-0.006
17.52,-0.004
17.53,-0.002
17.54,0
17.55,0.003
17.56,0.005
17.57,0.005
17.58,0.005
17.59,0.004
17.6,0.001
17.61,-0.002
17.62,-0.004
17.63,-0.005
17.64,-0.006
17.65,-0.005
17.66,-0.003
17.67,0.001
17.68,0.004
17.69,0.005
17.7,0.005
17.71,0.004
17.72,0.003
17.73,0.002
17.74,0.002
17.75,0.004
17.76,0.008
17.77,0.013
17.78,0.016
17.79,0.018
17.8,0.019
17.81,0.019
17.82,0.018
17.83,0.017
17.84,0.014
17.85,0.01
17.86,0.006
17.87,0.002
17.88,-0.004
17.89,-0.01
17.9,-0.016
17.91,-0.022
17.92,-0.026
17.93,-0.029
17.94,-0.028
17.95,-0.025
17.96,-0.022
17.97,-0.019
17.98,-0.017
17.99,-0.014
18,-0.012
18.01,-0.011
18.02,-0.009
18.03,-0.008
18.04,-0.009
18.05,-0.008
18.06,-0.006
18.07,-0.001
18.08,0.003
18.09,0.005
18.1,0.006
18.11,0.008
18.12,0.01
18.13,0.011
18.14,0.013
18.15,0.014
18.16,0.014
18.17,0.013
18.18,0.01
18.19,0.007
18.2,0.003
18.21,-0.002
18.22,-0.006
18.23,-0.008
18.24,-0.007
18.25,-0.006
18.26,-0.006
18.27,-0.005
18.28,-0.005
18.29,-0.007
18.3,-0.01
18.31,-0.014
18.32,-0.016
18.33,-0.014
18.34,-0.01
18.35,-0.007
18.36,-0.004
18.37,-0.001
18.38,0.001
18.39,0.002
18.4,0.002
18.41,0.003
18.42,0.003
18.43,0.002
18.44,0.002
18.45,0.003
18.46,0.006
18.47,0.01
18.48,0.01
18.49,0.009
18.5,0.009
18.51,0.009
18.52,0.01
18.53,0.009
18.54,0.008
18.55,0.008
18.56,0.009
18.57,0.008
18.58,0.006
18.59,0.004
18.6,0.001
18.61,0
18.62,-0.003
18.63,-0.005
18.64,-0.008
18.65,-0.009
18.66,-0.01
18.67,-0.01
18.68,-0.009
18.69,-0.008
18.7,-0.008
18.71,-0.008
18.72,-0.009
18.73,-0.008
18.74,-0.006
18.75,-0.003
18.76,-0.001
18.77,0.001
18.78,0.002
18.79,0
18.8,-0.001
18.81,-0.001
18.82,0
18.83,0.001
18.84,0.003
18.85,0.006
18.86,0.008
18.87,0.01
18.88,0.009
18.89,0.006
18.9,0.003
18.91,0.001
18.92,0
18.93,0
18.94,0
18.95,0.002
18.96,0.004
18.97,0.003
18.98,0
18.99,-0.003
19,-0.005
19.01,-0.005
19.02,-0.004
19.03,-0.002
19.04,-0.002
19.05,-0.003
19.06,-0.004
19.07,-0.004
19.08,-0.004
19.09,-0.003
19.1,-0.003
19.11,-0.003
19.12,-0.004
19.13,-0.005
19.14,-0.006
19.15,-0.004
19.16,0
19.17,0.004
19.18,0.006
19.19,0.005
19.2,0.004
19.21,0.003
19.22,0.004
19.23,0.006
19.24,0.008
19.25,0.01
19.26,0.011
19.27,0.011
19.28,0.01
19.29,0.007
19.3,0.003
19.31,-0.001
19.32,-0.005
19.33,-0.007
19.34,-0.009
19.35,-0.011
19.36,-0.012
19.37,-0.014
19.38,-0.016
19.39,-0.019
19.4,-0.021
19.41,-0.023
19.42,-0.021
19.43,-0.017
19.44,-0.012
19.45,-0.007
19.46,-0.002
19.47,0.001
19.48,0.003
19.49,0.006
19.5,0.008
19.51,0.011
19.52,0.013
19.53,0.015
19.54,0.017
19.55,0.018
19.56,0.016
19.57,0.013
19.58,0.01
19.59,0.007
19.6,0.003
19.61,-0.001
19.62,-0.004
19.63,-0.006
19.64,-0.006
19.65,-0.005
19.66,-0.004
19.67,-0.003
19.68,-0.003
19.69,-0.002
19.7,0
19.71,0.001
19.72,0.001
19.73,0.001
19.74,0.002
19.75,0.004
19.76,0.007
19.77,0.01
19.78,0.01
19.79,0.008
19.8,0.006
19.81,0.003
19.82,0
19.83,-0.002
19.84,-0.002
19.85,-0.002
19.86,-0.003
19.87,-0.004
19.88,-0.004
19.89,-0.004
19.9,-0.003
19.91,-0.001
19.92,0
19.93,-0.001
19.94,-0.003
19.95,-0.006
19.96,-0.007
19.97,-0.006
19.98,-0.004
19.99,-0.001
20,0.002
20.01,0.005
20.02,0.008
20.03,0.011
20.04,0.014
20.05,0.016
20.06,0.017
20.07,0.015
20.08,0.011
20.09,0.006
20.1,0.001
20.11,-0.004
20.12,-0.007
20.13,-0.007
20.14,-0.006
20.15,-0.004
20.16,-0.003
20.17,-0.002
20.18,-0.001
20.19,-0.002
20.2,-0.003
20.21,-0.003
20.22,-0.002
20.23,0.001
20.24,0.005
20.25,0.009
20.26,0.014
20.27,0.018
20.28,0.02
20.29,0.02
20.3,0.018
20.31,0.016
20.32,0.012
20.33,0.008
20.34,0.005
20.35,0.003
20.36,0.001
20.37,0
20.38,0
20.39,-0.001
20.4,-0.001
20.41,-0.002
20.42,-0.004
20.43,-0.005
20.44,-0.005
20.45,-0.005
20.46,-0.005
20.47,-0.004
20.48,-0.002
20.49,-0.001
20.5,-0.002
20.51,-0.005
20.52,-0.007
20.53,-0.008
20.54,-0.008
20.55,-0.006
20.56,-0.004
20.57,-0.003
20.58,-0.003
20.59,-0.003
20.6,-0.004
20.61,-0.005
20.62,-0.006
20.63,-0.005
20.64,-0.002
20.65,0.001
20.66,0.003
20.67,0.006
20.68,0.007
20.69,0.006
20.7,0.004
20.71,0
20.72,-0.002
20.73,-0.003
20.74,-0.003
20.75,-0.003
20.76,-0.001
20.77,-0.001
20.78,-0.003
20.79,-0.005
20.8,-0.007
20.81,-0.009
20.82,-0.01
20.83,-0.013
20.84,-0.016
20.85,-0.018
20.86,-0.018
20.87,-0.016
20.88,-0.012
20.89,-0.009
20.9,-0.007
20.91,-0.006
20.92,-0.005
20.93,-0.006
20.94,-0.004
20.95,-0.001
20.96,0.004
20.97,0.01
20.98,0.015
20.99,0.018
21,0.018
21.01,0.017
21.02,0.014
21.03,0.013
21.04,0.013
21.05,0.011
21.06,0.009
21.07,0.007
21.08,0.005
21.09,0.004
21.1,0.003
21.11,0.003
21.12,0.002
21.13,0.001
21.14,0
21.15,0
21.16,0
21.17,0.001
21.18,0.001
21.19,-0.001
21.2,-0.003
21.21,-0.003
21.22,-0.003
21.23,-0.002
21.24,0.001
21.25,0.003
21.26,0.003
21.27,0.003
21.28,0.003
21.29,0.003
21.3,0.003
21.31,0.002
21.32,0
21.33,-0.001
21.34,-0.002
21.35,-0.002
21.36,-0.002
21.37,-0.002
21.38,-0.003
21.39,-0.004
21.4,-0.003
21.41,-0.002
21.42,-0.002
21.43,-0.001
21.44,0.001
21.45,0.003
21.46,0.004
21.47,0.003
21.48,0.002
21.49,0.002
21.5,0.001
21.51,0
21.52,0
21.53,0
21.54,-0.001
21.55,-0.002
21.56,-0.004
21.57,-0.006
21.58,-0.007
21.59,-0.007
21.6,-0.006
21.61,-0.005
21.62,-0.004
21.63,-0.004
21.64,-0.005
21.65,-0.005
21.66,-0.004
21.67,-0.003
21.68,-0.003
21.69,-0.004
21.7,-0.005
21.71,-0.005
21.72,-0.004
21.73,-0.001
21.74,0.002
21.75,0.004
21.76,0.004
21.77,0.002
21.78,0
21.79,-0.003
21.8,-0.006
21.81,-0.008
21.82,-0.01
21.83,-0.011
21.84,-0.01
21.85,-0.01
21.86,-0.01
21.87,-0.011
21.88,-0.01
21.89,-0.007
21.9,-0.004
21.91,-0.001
21.92,0.001
21.93,0.003
21.94,0.007
21.95,0.009
21.96,0.01
21.97,0.009
21.98,0.007
21.99,0.004
22,0.003
22.01,0.003
22.02,0.004
22.03,0.005
22.04,0.005
22.05,0.005
22.06,0.003
22.07,0.001
22.08,0
22.09,0
22.1,-0.001
22.11,0
22.12,0
22.13,0.002
22.14,0.004
22.15,0.005
22.16,0.007
22.17,0.008
22.18,0.008
22.19,0.008
22.2,0.009
22.21,0.009
22.22,0.008
22.23,0.007
22.24,0.005
22.25,0.003
22.26,0.002
22.27,0.002
22.28,0.002
22.29,0.003
22.3,0.003
22.31,0.003
22.32,0.002
22.33,0.001
22.34,0
22.35,0
22.36,-0.002
22.37,-0.003
22.38,-0.004
22.39,-0.004
22.4,-0.005
22.41,-0.004
22.42,-0.004
22.43,-0.004
22.44,-0.003
22.45,-0.001
22.46,0.001
22.47,0.002
22.48,0.004
22.49,0.004
22.5,0.004
22.51,0.003
22.52,0.002
22.53,0.001
22.54,-0.001
22.55,-0.004
22.56,-0.005
22.57,-0.006
22.58,-0.006
22.59,-0.007
22.6,-0.008
22.61,-0.009
22.62,-0.009
22.63,-0.009
22.64,-0.009
22.65,-0.008
22.66,-0.008
22.67,-0.006
22.68,-0.004
22.69,-0.003
22.7,-0.002
22.71,0
22.72,0.002
22.73,0.003
22.74,0.006
22.75,0.009
22.76,0.009
22.77,0.007
22.78,0.005
22.79,0.002
22.8,0
22.81,-0.001
22.82,-0.001
22.83,-0.001
22.84,-0.003
22.85,-0.004
22.86,-0.004
22.87,-0.006
22.88,-0.006
22.89,-0.006
22.9,-0.007
22.91,-0.007
22.92,-0.007
22.93,-0.005
22.94,-0.003
22.95,-0.002
22.96,-0.001
22.97,0.001
22.98,0.002
22.99,0.003
23,0.003
23.01,0.002
23.02,0.001
23.03,0
23.04,-0.001
23.05,-0.002
23.06,-0.001
23.07,0
23.08,0
23.09,0.001
23.1,0.002
23.11,0.003
23.12,0.004
23.13,0.006
23.14,0.009
23.15,0.01
23.16,0.01
23.17,0.007
23.18,0.005
23.19,0.002
23.2,0
23.21,-0.002
23.22,-0.003
23.23,-0.003
23.24,-0.004
23.25,-0.004
23.26,-0.004
23.27,-0.004
23.28,-0.004
23.29,-0.004
23.3,-0.002
23.31,-0.001
23.32,0
23.33,0.002
23.34,0.004
23.35,0.008
23.36,0.011
23.37,0.011
23.38,0.01
23.39,0.008
23.4,0.007
23.41,0.006
23.42,0.004
23.43,0.004
23.44,0.003
23.45,0.002
23.46,0.001
23.47,0.001
23.48,0.001
23.49,0.001
23.5,0.001
23.51,0.003
23.52,0.006
23.53,0.007
23.54,0.007
23.55,0.007
23.56,0.008
23.57,0.01
23.58,0.011
23.59,0.012
23.6,0.011
23.61,0.01
23.62,0.009
23.63,0.007
23.64,0.006
23.65,0.004
23.66,0.001
23.67,-0.002
23.68,-0.005
23.69,-0.007
23.7,-0.008
23.71,-0.008
23.72,-0.009
23.73,-0.009
23.74,-0.008
23.75,-0.007
23.76,-0.006
23.77,-0.005
23.78,-0.004
23.79,-0.003
23.8,0
23.81,0
23.82,0.001
23.83,0
23.84,-0.001
23.85,-0.003
23.86,-0.004
23.87,-0.005
23.88,-0.006
23.89,-0.007
23.9,-0.009
23.91,-0.01
23.92,-0.009
23.93,-0.007
23.94,-0.006
23.95,-0.006
23.96,-0.006
23.97,-0.007
23.98,-0.007
23.99,-0.006
24,-0.005
24.01,-0.004
24.02,-0.003
24.03,-0.003
24.04,-0.003
24.05,-0.005
24.06,-0.006
24.07,-0.006
24.08,-0.006
24.09,-0.005
24.1,-0.004
24.11,-0.003
24.12,-0.002
24.13,-0.002
24.14,-0.001
24.15,-0.001
24.16,-0.001
24.17,-0.002
24.18,-0.003
24.19,-0.002
24.2,-0.001
24.21,0
24.22,0.001
24.23,0.003
24.24,0.004
24.25,0.004
24.26,0.005
24.27,0.005
24.28,0.005
24.29,0.006
24.3,0.007
24.31,0.008
24.32,0.008
24.33,0.008
24.34,0.006
24.35,0.005
24.36,0.004
24.37,0.004
24.38,0.003
24.39,0.003
24.4,0.003
24.41,0.003
24.42,0.003
24.43,0.002
24.44,-0.001
24.45,-0.004
24.46,-0.007
24.47,-0.009
24.48,-0.009
24.49,-0.009
24.5,-0.006
24.51,-0.004
24.52,-0.003
24.53,-0.002
24.54,0
24.55,0.003
24.56,0.005
24.57,0.005
24.58,0.004
24.59,0.003
24.6,0.004
24.61,0.005
24.62,0.007
24.63,0.008
24.64,0.008
24.65,0.006
24.66,0.003
24.67,0
24.68,-0.001
24.69,-0.001
24.7,-0.002
24.71,-0.005
24.72,-0.007
24.73,-0.008
24.74,-0.008
24.75,-0.006
24.76,-0.003
24.77,-0.002
24.78,-0.002
24.79,-0.001
24.8,0
24.81,0.001
24.82,0.003
24.83,0.004
24.84,0.005
24.85,0.005
24.86,0.006
24.87,0.007
24.88,0.006
24.89,0.004
24.9,0.002
24.91,-0.001
24.92,-0.003
24.93,-0.004
24.94,-0.003
24.95,-0.002
24.96,-0.002
24.97,-0.003
24.98,-0.003
24.99,-0.003
25,-0.004
25.01,-0.005
25.02,-0.005
25.03,-0.004
25.04,-0.004
25.05,-0.004
25.06,-0.005
25.07,-0.007
25.08,-0.009
25.09,-0.011
25.1,-0.012
25.11,-0.012
25.12,-0.012
25.13,-0.011
25.14,-0.01
25.15,-0.007
25.16,-0.005
25.17,-0.002
25.18,0.001
25.19,0.003
25.2,0.004
25.21,0.006
25.22,0.008
25.23,0.01
25.24,0.012
25.25,0.012
25.26,0.011
25.27,0.01
25.28,0.009
25.29,0.008
25.3,0.007
25.31,0.004
25.32,-0.001
25.33,-0.005
25.34,-0.007
25.35,-0.009
25.36,-0.01
25.37,-0.011
25.38,-0.012
25.39,-0.013
25.4,-0.014
25.41,-0.013
25.42,-0.012
25.43,-0.011
25.44,-0.008
25.45,-0.003
25.46,0.003
25.47,0.008
25.48,0.011
25.49,0.013
25.5,0.013
25.51,0.013
25.52,0.011
25.53,0.01
25.54,0.008
25.55,0.007
25.56,0.007
25.57,0.006
25.58,0.005
25.59,0.004
25.6,0.003
25.61,0.001
25.62,0
25.63,0
25.64,0
25.65,0
25.66,0.001
25.67,0.002
25.68,0.003
25.69,0.003
25.7,0.003
25.71,0.004
25.72,0.005
25.73,0.007
25.74,0.007
25.75,0.006
25.76,0.006
25.77,0.007
25.78,0.007
25.79,0.007
25.8,0.007
25.81,0.005
25.82,0.002
25.83,0
25.84,-0.003
25.85,-0.004
25.86,-0.005
25.87,-0.005
25.88,-0.006
25.89,-0.007
25.9,-0.008
25.91,-0.009
25.92,-0.008
25.93,-0.005
25.94,-0.002
25.95,0
25.96,0.004
25.97,0.006
25.98,0.007
25.99,0.008
26,0.008
26.01,0.007
26.02,0.006
26.03,0.005
26.04,0.004
26.05,0.003
26.06,0
26.07,-0.003
26.08,-0.005
26.09,-0.008
26.1,-0.009
26.11,-0.01
26.12,-0.011
26.13,-0.01
26.14,-0.008
26.15,-0.007
26.16,-0.006
26.17,-0.004
26.18,-0.003
26.19,-0.001
26.2,0
26.21,0.002
26.22,0.004
26.23,0.005
26.24,0.006
26.25,0.006
26.26,0.006
26.27,0.006
26.28,0.006
26.29,0.005
26.3,0.005
26.31,0.005
26.32,0.004
26.33,0.003
26.34,0.003
26.35,0.002
26.36,0.002
26.37,0.002
26.38,0.003
26.39,0.004
26.4,0.005
26.41,0.006
26.42,0.005
26.43,0.004
26.44,0.004
26.45,0.002
26.46,0
26.47,-0.001
26.48,-0.002
26.49,-0.002
26.5,-0.001
26.51,0.001
26.52,0.002
26.53,0.002
26.54,0.003
26.55,0.003
26.56,0.003
26.57,0.003
26.58,0.003
26.59,0.003
26.6,0.003
26.61,0.003
26.62,0.003
26.63,0.003
26.64,0.003
26.65,0.002
26.66,0.001
26.67,-0.001
26.68,-0.002
26.69,-0.003
26.7,-0.004
26.71,-0.005
26.72,-0.005
26.73,-0.005
26.74,-0.004
26.75,-0.003
26.76,-0.002
26.77,0.001
26.78,0.001
26.79,0.002
26.8,0.004
26.81,0.004
26.82,0.004
26.83,0.004
26.84,0.005
26.85,0.005
26.86,0.005
26.87,0.004
26.88,0.003
26.89,0
26.9,-0.002
26.91,-0.004
26.92,-0.007
26.93,-0.009
26.94,-0.01
26.95,-0.01
26.96,-0.01
26.97,-0.008
26.98,-0.007
26.99,-0.006
27,-0.004
27.01,-0.002
27.02,0.001
27.03,0.003
27.04,0.004
27.05,0.004
27.06,0.005
27.07,0.005
27.08,0.005
27.09,0.005
27.1,0.005
27.11,0.004
27.12,0.003
27.13,0.002
27.14,0.001
27.15,-0.002
27.16,-0.004
27.17,-0.005
27.18,-0.006
27.19,-0.008
27.2,-0.009
27.21,-0.009
27.22,-0.009
27.23,-0.009
27.24,-0.008
27.25,-0.007
27.26,-0.005
27.27,-0.004
27.28,-0.002
27.29,-0.002
27.3,-0.002
27.31,-0.003
27.32,-0.003
27.33,-0.002
27.34,-0.001
27.35,0.001
27.36,0.002
27.37,0.004
27.38,0.005
27.39,0.004
27.4,0.003
27.41,0.001
27.42,0
27.43,-0.002
27.44,-0.003
27.45,-0.004
27.46,-0.005
27.47,-0.005
27.48,-0.005
27.49,-0.005
27.5,-0.006
27.51,-0.007
27.52,-0.008
27.53,-0.007
27.54,-0.005
27.55,-0.004
27.56,-0.002
27.57,0
27.58,0.002
27.59,0.004
27.6,0.006
27.61,0.008
27.62,0.008
27.63,0.008
27.64,0.007
27.65,0.008
27.66,0.009
27.67,0.009
27.68,0.009
27.69,0.009
27.7,0.007
27.71,0.006
27.72,0.005
27.73,0.003
27.74,0.003
27.75,0.003
27.76,0.004
27.77,0.003
27.78,0.001
27.79,-0.001
27.8,-0.002
27.81,-0.002
27.82,-0.003
27.83,-0.002
27.84,-0.001
27.85,-0.001
27.86,-0.001
27.87,-0.001
27.88,0
27.89,0.001
27.9,0.002
27.91,0.002
27.92,0.002
27.93,0.001
27.94,0.001
27.95,0
27.96,-0.001
27.97,-0.001
27.98,-0.002
27.99,-0.002
28,-0.002
28.01,-0.002
28.02,-0.001
28.03,-0.001
28.04,-0.001
28.05,-0.001
28.06,-0.001
28.07,-0.001
28.08,-0.001
28.09,-0.002
28.1,-0.003
28.11,-0.004
28.12,-0.004
28.13,-0.004
28.14,-0.004
28.15,-0.004
28.16,-0.004
28.17,-0.003
28.18,-0.002
28.19,-0.001
28.2,0
28.21,0
28.22,0
28.23,0.001
28.24,0.002
28.25,0.004
28.26,0.006
28.27,0.005
28.28,0.005
28.29,0.004
28.3,0.002
28.31,0.001
28.32,0
28.33,-0.001
28.34,-0.002
28.35,-0.004
28.36,-0.005
28.37,-0.006
28.38,-0.006
28.39,-0.006
28.4,-0.006
28.41,-0.005
28.42,-0.004
28.43,-0.003
28.44,-0.002
28.45,-0.001
28.46,0
28.47,0.001
28.48,0.001
28.49,0.001
28.5,0
28.51,0
28.52,0
28.53,0.001
28.54,0.001
28.55,0.002
28.56,0.002
28.57,0.003
28.58,0.003
28.59,0.003
28.6,0.003
28.61,0.003
28.62,0.002
28.63,0.001
28.64,0.001
28.65,0.001
28.66,0.001
28.67,0.001
28.68,0.002
28.69,0.003
28.7,0.002
28.71,0.001
28.72,0.001
28.73,0
28.74,0
28.75,0
28.76,0.001
28.77,0
28.78,0
28.79,-0.001
28.8,-0.001
28.81,0
28.82,0.001
28.83,0.003
28.84,0.004
28.85,0.003
28.86,0.002
28.87,0.002
28.88,0.001
28.89,0
28.9,-0.001
28.91,0
28.92,0.001
28.93,0
28.94,0
28.95,0
28.96,0
28.97,-0.001
28.98,-0.001
28.99,-0.002
29,-0.001
29.01,0
29.02,0.002
29.03,0.003
29.04,0.004
29.05,0.005
29.06,0.006
29.07,0.005
29.08,0.005
29.09,0.005
29.1,0.005
29.11,0.004
29.12,0.004
29.13,0.003
29.14,0.003
29.15,0.001
29.16,0
29.17,0
29.18,0.001
29.19,0.001
29.2,0.002
29.21,0.001
29.22,0
29.23,-0.002
29.24,-0.002
29.25,-0.003
29.26,-0.003
29.27,-0.004
29.28,-0.003
29.29,-0.003
29.3,-0.002
29.31,-0.002
29.32,-0.002
29.33,-0.002
29.34,-0.002
29.35,-0.002
29.36,0
29.37,0
29.38,0.001
29.39,0
29.4,0
29.41,0
29.42,-0.001
29.43,-0.003
29.44,-0.003
29.45,-0.004
29.46,-0.003
29.47,-0.002
29.48,-0.002
29.49,-0.003
29.5,-0.002
29.51,-0.003
29.52,-0.002
29.53,-0.003
29.54,-0.002
29.55,-0.002
29.56,-0.002
29.57,-0.001
29.58,0.001
29.59,0.003
29.6,0.004
29.61,0.003
29.62,0.003
29.63,0.002
29.64,0.001
29.65,0.001
29.66,0.002
29.67,0.002
29.68,0.002
29.69,0.001
29.7,0
29.71,-0.002
29.72,-0.003
29.73,-0.005
29.74,-0.006
29.75,-0.005
29.76,-0.004
29.77,-0.003
29.78,-0.002
29.79,-0.002
29.8,-0.002
29.81,-0.003
29.82,-0.002
29.83,-0.002
29.84,0
29.85,0.001
29.86,0.002
29.87,0.002
29.88,0.002
29.89,0.002
29.9,0.001
29.91,0.001
29.92,0.002
29.93,0.002
29.94,0.003
29.95,0.003
29.96,0.002
29.97,0.001
29.98,0
29.99,-0.002
30,-0.002
30.01,-0.002
30.02,-0.002
30.03,-0.003
30.04,-0.003
30.05,-0.002
30.06,-0.002
30.07,-0.001
30.08,0
30.09,0
30.1,0
30.11,0.001
30.12,0.002
30.13,0.003
30.14,0.003
30.15,0.004
30.16,0.004
30.17,0.003
30.18,0.003
30.19,0.002
30.2,0.001
30.21,0
30.22,-0.001
30.23,-0.001
30.24,-0.001
30.25,-0.002
30.26,-0.002
30.27,-0.002
30.28,-0.003
30.29,-0.003
30.3,-0.003
30.31,-0.004
30.32,-0.004
30.33,-0.003
30.34,-0.002
30.35,-0.001
30.36,0
30.37,0
30.38,0
30.39,0
30.4,0
30.41,0
30.42,0
30.43,0
30.44,0.001
30.45,0.001
30.46,0.001
30.47,0.001
30.48,0.001
30.49,0
30.5,0
30.51,-0.001
30.52,-0.001
30.53,-0.001
30.54,-0.001
30.55,-0.001
30.56,0
30.57,0
30.58,0
30.59,0
30.6,0
30.61,0
30.62,0
30.63,0
30.64,0.001
30.65,0.001
30.66,0.001
30.67,0.001
30.68,0.001
30.69,0.001
30.7,0.001
30.71,0
30.72,0.001
30.73,0
30.74,0.001
30.75,0.001
30.76,0.001
30.77,0
30.78,0
30.79,0
30.8,0
30.81,0
30.82,0
30.83,0
30.84,0.001
30.85,0
30.86,0.001
30.87,0
30.88,0
30.89,0
30.9,0
30.91,0
30.92,0
30.93,0
30.94,0
30.95,0
30.96,0
30.97,0
30.98,0
30.99,0
31,0
31.01,0
31.02,0
31.03,0
31.04,0
31.05,0
31.06,0
31.07,0
31.08,0
31.09,0
31.1,0
31.11,0
31.12,0
31.13,0
31.14,0
31.15,0
31.16,0
31.17,0
31.18,0
31.19,0
31.2,0
31.21,0
31.22,0
31.23,0
31.24,0
31.25,0
31.26,0
31.27,0
31.28,0
31.29,0
31.3,0
31.31,0
31.32,0
31.33,0
31.34,0
31.35,0
31.36,0
31.37,0
31.38,0
31.39,0
31.4,0
31.41,0
31.42,0
31.43,0
31.44,0
31.45,0
31.46,0
31.47,0
31.48,0
31.49,0
31.5,0
31.51,0
31.52,0
31.53,0
31.54,0
31.55,0
31.56,0
31.57,0
31.58,0
31.59,0
31.6,0
31.61,0
31.62,0
31.63,0
31.64,0
31.65,0
31.66,0
31.67,0
31.68,0
31.69,0
31.7,0
31.71,0
31.72,0
31.73,0
31.74,0
31.75,0
31.76,0
31.77,0
31.78,0
31.79,0
31.8,0
31.81,0
31.82,0
31.83,0
31.84,0
31.85,0
31.86,0
31.87,0
31.88,0
31.89,0
31.9,0
31.91,0.001
31.92,0.001
31.93,0.001
31.94,0.001
31.95,0.001
31.96,0.001
31.97,0.001
