Mode,NodeTag,X,Y,Z,UX,UY,UZ
1,9902,432,288,168,8.79478034035654e-17,-0.218348133292078,0
1,9903,432,288,336,1.11075168327509e-16,-0.306739804136071,0
1,9904,432,288,504,1.77652507194157e-16,-0.372944182260499,0
1,9905,432,288,672,1.91466011427247e-16,-0.424709261742291,0
1,9906,432,288,840,1.94668315346754e-16,-0.460657805322507,0
1,9907,432,288,1008,1.87870954857315e-16,-0.480087832569626,0
1,10101,0,0,0,0,0,0
1,10102,288,0,0,0,0,0
1,10103,576,0,0,0,0,0
1,10104,864,0,0,0,0,0
1,10201,0,288,0,0,0,0
1,10202,288,288,0,0,0,0
1,10203,576,288,0,0,0,0
1,10204,864,288,0,0,0,0
1,10301,0,576,0,0,0,0
1,10302,288,576,0,0,0,0
1,10303,576,576,0,0,0,0
1,10304,864,576,0,0,0,0
1,20101,0,0,168,-1.55801932468037e-15,-0.218348133292076,-0.00134836924134023
1,20102,288,0,168,-1.55801932468037e-15,-0.218348133292077,-0.00134861912046432
1,20103,576,0,168,-1.55801932468037e-15,-0.218348133292079,-0.00134861912046434
1,20104,864,0,168,-1.55801932468037e-15,-0.218348133292081,-0.00134836924134025
1,20201,0,288,168,8.79478034035654e-17,-0.218348133292076,-4.54062309082312e-19
1,20202,288,288,168,8.79478034035654e-17,-0.218348133292077,-1.87484050558259e-18
1,20203,576,288,168,8.79478034035654e-17,-0.218348133292079,1.56396428724643e-18
1,20204,864,288,168,8.79478034035654e-17,-0.218348133292081,-1.09439056247752e-18
1,20301,0,576,168,1.7339149314875e-15,-0.218348133292076,0.00134836924134024
1,20302,288,576,168,1.7339149314875e-15,-0.218348133292077,0.00134861912046433
1,20303,576,576,168,1.7339149314875e-15,-0.218348133292079,0.00134861912046434
1,20304,864,576,168,1.7339149314875e-15,-0.218348133292081,0.00134836924134025
1,30101,0,0,336,-2.23323361168271e-15,-0.306739804136067,-0.00221273350458868
1,30102,288,0,336,-2.23323361168271e-15,-0.30673980413607,-0.00221196350574794
1,30103,576,0,336,-2.23323361168271e-15,-0.306739804136072,-0.00221196350574796
1,30104,864,0,336,-2.23323361168271e-15,-0.306739804136074,-0.0022127335045887
1,30201,0,288,336,1.11075168327509e-16,-0.306739804136067,-1.27759918478346e-18
1,30202,288,288,336,1.11075168327509e-16,-0.30673980413607,-3.28104942183814e-18
1,30203,576,288,336,1.11075168327509e-16,-0.306739804136072,2.86525990382842e-18
1,30204,864,288,336,1.11075168327509e-16,-0.306739804136074,-1.38369768042486e-18
1,30301,0,576,336,2.45538394833772e-15,-0.306739804136067,0.00221273350458868
1,30302,288,576,336,2.45538394833772e-15,-0.30673980413607,0.00221196350574794
1,30303,576,576,336,2.45538394833772e-15,-0.306739804136072,0.00221196350574796
1,30304,864,576,336,2.45538394833772e-15,-0.306739804136074,0.0022127335045887
1,40101,0,0,504,-2.64313318040538e-15,-0.372944182260494,-0.00277315908338372
1,40102,288,0,504,-2.64313318040538e-15,-0.372944182260497,-0.00277131227617145
1,40103,576,0,504,-2.64313318040538e-15,-0.3729441822605,-0.00277131227617148
1,40104,864,0,504,-2.64313318040538e-15,-0.372944182260503,-0.00277315908338374
1,40201,0,288,504,1.77652507194157e-16,-0.372944182260494,-2.32102895481911e-18
1,40202,288,288,504,1.77652507194157e-16,-0.372944182260497,-4.51199738240715e-18
1,40203,576,288,504,1.77652507194157e-16,-0.3729441822605,4.16041407258628e-18
1,40204,864,288,504,1.77652507194157e-16,-0.372944182260503,-1.54713498021579e-18
1,40301,0,576,504,2.9984381947937e-15,-0.372944182260494,0.00277315908338373
1,40302,288,576,504,2.9984381947937e-15,-0.372944182260497,0.00277131227617145
1,40303,576,576,504,2.9984381947937e-15,-0.3729441822605,0.00277131227617148
1,40304,864,576,504,2.9984381947937e-15,-0.372944182260503,0.00277315908338375
1,50101,0,0,672,-3.0785698332934e-15,-0.424709261742286,-0.00309658259620788
1,50102,288,0,672,-3.0785698332934e-15,-0.42470926174229,-0.003093626198177
1,50103,576,0,672,-3.0785698332934e-15,-0.424709261742293,-0.00309362619817703
1,50104,864,0,672,-3.0785698332934e-15,-0.424709261742296,-0.00309658259620791
1,50201,0,288,672,1.91466011427247e-16,-0.424709261742286,-3.09201309226591e-18
1,50202,288,288,672,1.91466011427247e-16,-0.42470926174229,-5.67775101679079e-18
1,50203,576,288,672,1.91466011427247e-16,-0.424709261742293,4.90400729137088e-18
1,50204,864,288,672,1.91466011427247e-16,-0.424709261742296,-7.6199732085265e-19
1,50301,0,576,672,3.46150185614789e-15,-0.424709261742286,0.00309658259620789
1,50302,288,576,672,3.46150185614789e-15,-0.42470926174229,0.003093626198177
1,50303,576,576,672,3.46150185614789e-15,-0.424709261742293,0.00309362619817703
1,50304,864,576,672,3.46150185614789e-15,-0.424709261742296,0.00309658259620791
1,60101,0,0,840,-3.46055555364876e-15,-0.460657805322502,-0.0032452876407487
1,60102,288,0,840,-3.46055555364876e-15,-0.460657805322505,-0.00324153434730645
1,60103,576,0,840,-3.46055555364876e-15,-0.460657805322509,-0.00324153434730649
1,60104,864,0,840,-3.46055555364876e-15,-0.460657805322512,-0.00324528764074874
1,60201,0,288,840,1.94668315346754e-16,-0.460657805322502,-3.91913401579308e-18
1,60202,288,288,840,1.94668315346754e-16,-0.460657805322505,-6.6041407270479e-18
1,60203,576,288,840,1.94668315346754e-16,-0.460657805322509,5.29526845644089e-18
1,60204,864,288,840,1.94668315346754e-16,-0.460657805322512,-2.97142320435171e-20
1,60301,0,576,840,3.84989218434227e-15,-0.460657805322502,0.00324528764074872
1,60302,288,576,840,3.84989218434227e-15,-0.460657805322505,0.00324153434730645
1,60303,576,576,840,3.84989218434227e-15,-0.460657805322509,0.00324153434730649
1,60304,864,576,840,3.84989218434227e-15,-0.460657805322512,0.00324528764074874
1,70101,0,0,1008,-3.70822075749105e-15,-0.48008783256962,-0.00328746510924311
1,70102,288,0,1008,-3.70822075749105e-15,-0.480087832569624,-0.00328316859370751
1,70103,576,0,1008,-3.70822075749105e-15,-0.480087832569628,-0.00328316859370755
1,70104,864,0,1008,-3.70822075749105e-15,-0.480087832569632,-0.00328746510924315
1,70201,0,288,1008,1.87870954857315e-16,-0.48008783256962,-3.21494413352276e-18
1,70202,288,288,1008,1.87870954857315e-16,-0.480087832569624,-7.24433860478068e-18
1,70203,576,288,1008,1.87870954857315e-16,-0.480087832569628,4.98251300931375e-18
1,70204,864,288,1008,1.87870954857315e-16,-0.480087832569632,-2.0088402843537e-19
1,70301,0,576,1008,4.08396266720568e-15,-0.48008783256962,0.00328746510924313
1,70302,288,576,1008,4.08396266720568e-15,-0.480087832569624,0.00328316859370751
1,70303,576,576,1008,4.08396266720568e-15,-0.480087832569628,0.00328316859370755
1,70304,864,576,1008,4.08396266720568e-15,-0.480087832569632,0.00328746510924315
2,9902,432,288,168,0.216868476627508,6.54617574062205e-17,0
2,9903,432,288,336,0.306231368765757,8.02587038847241e-17,0
2,9904,432,288,504,0.373028320526172,1.20483550291013e-16,0
2,9905,432,288,672,0.425056955820332,1.6301052549458e-16,0
2,9906,432,288,840,0.461043060446452,1.66801149723014e-16,0
2,9907,432,288,1008,0.480357727624582,2.4152241369152e-16,0
2,10101,0,0,0,0,0,0
2,10102,288,0,0,0,0,0
2,10103,576,0,0,0,0,0
2,10104,864,0,0,0,0,0
2,10201,0,288,0,0,0,0
2,10202,288,288,0,0,0,0
2,10203,576,288,0,0,0,0
2,10204,864,288,0,0,0,0
2,10301,0,576,0,0,0,0
2,10302,288,576,0,0,0,0
2,10303,576,576,0,0,0,0
2,10304,864,576,0,0,0,0
2,20101,0,0,168,0.216868476627501,1.05851289997546e-14,0.00149362919557314
2,20102,288,0,168,0.216868476627501,3.57201750485568e-15,-0.000219217005708085
2,20103,576,0,168,0.216868476627501,-3.44109399004324e-15,0.000219217005708083
2,20104,864,0,168,0.216868476627501,-1.04542054849422e-14,-0.00149362919557314
2,20201,0,288,168,0.216868476627508,1.05851289997546e-14,0.00148819335868931
2,20202,288,288,168,0.216868476627508,3.57201750485568e-15,-0.000219068015696371
2,20203,576,288,168,0.216868476627508,-3.44109399004324e-15,0.00021906801569637
2,20204,864,288,168,0.216868476627508,-1.04542054849422e-14,-0.00148819335868932
2,20301,0,576,168,0.216868476627515,1.05851289997546e-14,0.0014936291955731
2,20302,288,576,168,0.216868476627515,3.57201750485568e-15,-0.000219217005708146
2,20303,576,576,168,0.216868476627515,-3.44109399004324e-15,0.000219217005708141
2,20304,864,576,168,0.216868476627515,-1.04542054849422e-14,-0.00149362919557311
2,30101,0,0,336,0.306231368765747,1.47785074716936e-14,0.00243323068235543
2,30102,288,0,336,0.306231368765747,4.97967495982102e-15,-0.000309805750397077
2,30103,576,0,336,0.306231368765747,-4.81915755205158e-15,0.000309805750397074
2,30104,864,0,336,0.306231368765747,-1.46179900639242e-14,-0.00243323068235543
2,30201,0,288,336,0.306231368765757,1.47785074716936e-14,0.00242628193030089
2,30202,288,288,336,0.306231368765757,4.97967495982102e-15,-0.000309691997435316
2,30203,576,288,336,0.306231368765757,-4.81915755205158e-15,0.000309691997435316
2,30204,864,288,336,0.306231368765757,-1.46179900639242e-14,-0.0024262819303009
2,30301,0,576,336,0.306231368765767,1.47785074716936e-14,0.00243323068235537
2,30302,288,576,336,0.306231368765767,4.97967495982102e-15,-0.000309805750397174
2,30303,576,576,336,0.306231368765767,-4.81915755205158e-15,0.000309805750397164
2,30304,864,576,336,0.306231368765767,-1.46179900639242e-14,-0.00243323068235538
2,40101,0,0,504,0.37302832052616,1.80825280030528e-14,0.00303827930640388
2,40102,288,0,504,0.37302832052616,6.10783170121162e-15,-0.000359938966773375
2,40103,576,0,504,0.37302832052616,-5.8668646006296e-15,0.000359938966773374
2,40104,864,0,504,0.37302832052616,-1.78415609024708e-14,-0.00303827930640388
2,40201,0,288,504,0.373028320526172,1.80825280030528e-14,0.00302992942924705
2,40202,288,288,504,0.373028320526172,6.10783170121162e-15,-0.000359881417161719
2,40203,576,288,504,0.373028320526172,-5.8668646006296e-15,0.000359881417161717
2,40204,864,288,504,0.373028320526172,-1.78415609024708e-14,-0.00302992942924707
2,40301,0,576,504,0.373028320526184,1.80825280030528e-14,0.0030382793064038
2,40302,288,576,504,0.373028320526184,6.10783170121162e-15,-0.000359938966773498
2,40303,576,576,504,0.373028320526184,-5.8668646006296e-15,0.000359938966773486
2,40304,864,576,504,0.373028320526184,-1.78415609024708e-14,-0.00303827930640381
2,50101,0,0,672,0.425056955820318,2.07476989919377e-14,0.00338166835982649
2,50102,288,0,672,0.425056955820318,7.02457334764228e-15,-0.000375582754743438
2,50103,576,0,672,0.425056955820318,-6.69855229665312e-15,0.000375582754743432
2,50104,864,0,672,0.425056955820318,-2.04216779409485e-14,-0.00338166835982649
2,50201,0,288,672,0.425056955820332,2.07476989919377e-14,0.00337251978689649
2,50202,288,288,672,0.425056955820332,7.02457334764228e-15,-0.000375599863278011
2,50203,576,288,672,0.425056955820332,-6.69855229665312e-15,0.000375599863278009
2,50204,864,288,672,0.425056955820332,-2.04216779409485e-14,-0.00337251978689651
2,50301,0,576,672,0.425056955820346,2.07476989919377e-14,0.00338166835982641
2,50302,288,576,672,0.425056955820346,7.02457334764228e-15,-0.000375582754743571
2,50303,576,576,672,0.425056955820346,-6.69855229665312e-15,0.000375582754743556
2,50304,864,576,672,0.425056955820346,-2.04216779409485e-14,-0.00338166835982642
2,60101,0,0,840,0.461043060446437,2.2399118712906e-14,0.00353557212137919
2,60102,288,0,840,0.461043060446437,7.57757367078401e-15,-0.000372897814930134
2,60103,576,0,840,0.461043060446437,-7.24397137133798e-15,0.000372897814930129
2,60104,864,0,840,0.461043060446437,-2.206551641346e-14,-0.0035355721213792
2,60201,0,288,840,0.461043060446452,2.2399118712906e-14,0.00352608828614827
2,60202,288,288,840,0.461043060446452,7.57757367078401e-15,-0.000372978596420836
2,60203,576,288,840,0.461043060446452,-7.24397137133798e-15,0.000372978596420834
2,60204,864,288,840,0.461043060446452,-2.206551641346e-14,-0.00352608828614829
2,60301,0,576,840,0.461043060446466,2.2399118712906e-14,0.00353557212137911
2,60302,288,576,840,0.461043060446466,7.57757367078401e-15,-0.000372897814930274
2,60303,576,576,840,0.461043060446466,-7.24397137133798e-15,0.000372897814930258
2,60304,864,576,840,0.461043060446466,-2.206551641346e-14,-0.00353557212137912
2,70101,0,0,1008,0.480357727624567,2.35503581140285e-14,0.00357662512561647
2,70102,288,0,1008,0.480357727624567,8.01113431380385e-15,-0.000367927430002867
2,70103,576,0,1008,0.480357727624567,-7.52808948642081e-15,0.00036792743000286
2,70104,864,0,1008,0.480357727624567,-2.30673132866455e-14,-0.00357662512561647
2,70201,0,288,1008,0.480357727624582,2.35503581140285e-14,0.00356705181248392
2,70202,288,288,1008,0.480357727624582,8.01113431380385e-15,-0.000368010161610807
2,70203,576,288,1008,0.480357727624582,-7.52808948642081e-15,0.000368010161610804
2,70204,864,288,1008,0.480357727624582,-2.30673132866455e-14,-0.00356705181248394
2,70301,0,576,1008,0.480357727624598,2.35503581140285e-14,0.00357662512561638
2,70302,288,576,1008,0.480357727624598,8.01113431380385e-15,-0.000367927430003007
2,70303,576,576,1008,0.480357727624598,-7.52808948642081e-15,0.000367927430002993
2,70304,864,576,1008,0.480357727624598,-2.30673132866455e-14,-0.00357662512561639
3,9902,432,288,168,-9.04632047752442e-15,2.29633056718361e-15,0
3,9903,432,288,336,-1.27816928463895e-14,3.21542802170916e-15,0
3,9904,432,288,504,-1.55350822291224e-14,3.89019228027326e-15,0
3,9905,432,288,672,-1.76529221894804e-14,4.26698604599271e-15,0
3,9906,432,288,840,-1.90907604783525e-14,4.59416212742945e-15,0
3,9907,432,288,1008,-1.98165577991931e-14,4.7641540708994e-15,0
3,10101,0,0,0,0,0,0
3,10102,288,0,0,0,0,0
3,10103,576,0,0,0,0,0
3,10104,864,0,0,0,0,0
3,10201,0,288,0,0,0,0
3,10202,288,288,0,0,0,0
3,10203,576,288,0,0,0,0
3,10204,864,288,0,0,0,0
3,10301,0,576,0,0,0,0
3,10302,288,576,0,0,0,0
3,10303,576,576,0,0,0,0
3,10304,864,576,0,0,0,0
3,20101,0,0,168,-0.170589549694249,0.255884324541362,0.000410753243099543
3,20102,288,0,168,-0.170589549694249,0.0852947748471221,0.000689594437078107
3,20103,576,0,168,-0.170589549694249,-0.0852947748471175,-0.00068959443707808
3,20104,864,0,168,-0.170589549694249,-0.255884324541357,-0.000410753243099517
3,20201,0,288,168,-9.04632047752442e-15,0.255884324541362,-6.12221680475916e-17
3,20202,288,288,168,-9.04632047752442e-15,0.0852947748471221,9.03053093363209e-18
3,20203,576,288,168,-9.04632047752442e-15,-0.0852947748471175,-9.08812631967296e-18
3,20204,864,288,168,-9.04632047752442e-15,-0.255884324541357,6.11660017192358e-17
3,20301,0,576,168,0.17058954969423,0.255884324541362,-0.000410753243099666
3,20302,288,576,168,0.17058954969423,0.0852947748471221,-0.00068959443707809
3,20303,576,576,168,0.17058954969423,-0.0852947748471175,0.000689594437078062
3,20304,864,576,168,0.17058954969423,-0.255884324541357,0.000410753243099639
3,30101,0,0,336,-0.239651070359512,0.359476605539251,0.000687069941400834
3,30102,288,0,336,-0.239651070359512,0.119825535179753,0.00108868753879993
3,30103,576,0,336,-0.239651070359512,-0.119825535179746,-0.00108868753879988
3,30104,864,0,336,-0.239651070359512,-0.359476605539245,-0.000687069941400792
3,30201,0,288,336,-1.27816928463895e-14,0.359476605539251,-9.9769871806023e-17
3,30202,288,288,336,-1.27816928463895e-14,0.119825535179753,1.23295303017445e-17
3,30203,576,288,336,-1.27816928463895e-14,-0.119825535179746,-1.24513904742146e-17
3,30204,864,288,336,-1.27816928463895e-14,-0.359476605539245,9.98526266598472e-17
3,30301,0,576,336,0.239651070359486,0.359476605539251,-0.000687069941401034
3,30302,288,576,336,0.239651070359486,0.119825535179753,-0.0010886875387999
3,30303,576,576,336,0.239651070359486,-0.119825535179746,0.00108868753879986
3,30304,864,576,336,0.239651070359486,-0.359476605539245,0.00068706994140099
3,40101,0,0,504,-0.290864040933447,0.436296061400152,0.000865780164771314
3,40102,288,0,504,-0.290864040933447,0.14543202046672,0.00133840009375357
3,40103,576,0,504,-0.290864040933447,-0.145432020466712,-0.00133840009375351
3,40104,864,0,504,-0.290864040933447,-0.436296061400144,-0.000865780164771264
3,40201,0,288,504,-1.55350822291224e-14,0.436296061400152,-1.24501450892376e-16
3,40202,288,288,504,-1.55350822291224e-14,0.14543202046672,1.39784326664045e-17
3,40203,576,288,504,-1.55350822291224e-14,-0.145432020466712,-1.43674754547965e-17
3,40204,864,288,504,-1.55350822291224e-14,-0.436296061400144,1.24790731720664e-16
3,40301,0,576,504,0.290864040933416,0.436296061400152,-0.000865780164771563
3,40302,288,576,504,0.290864040933416,0.14543202046672,-0.00133840009375354
3,40303,576,576,504,0.290864040933416,-0.145432020466712,0.00133840009375349
3,40304,864,576,504,0.290864040933416,-0.436296061400144,0.000865780164771509
3,50101,0,0,672,-0.330422105878866,0.495633158818276,0.000971019604914649
3,50102,288,0,672,-0.330422105878866,0.165211052939428,0.00147020780041699
3,50103,576,0,672,-0.330422105878866,-0.16521105293942,-0.00147020780041693
3,50104,864,0,672,-0.330422105878866,-0.495633158818268,-0.000971019604914595
3,50201,0,288,672,-1.76529221894804e-14,0.495633158818276,-1.39491915841588e-16
3,50202,288,288,672,-1.76529221894804e-14,0.165211052939428,1.43392500831174e-17
3,50203,576,288,672,-1.76529221894804e-14,-0.16521105293942,-1.47587936864561e-17
3,50204,864,288,672,-1.76529221894804e-14,-0.495633158818268,1.38131716578937e-16
3,50301,0,576,672,0.33042210587883,0.495633158818276,-0.000971019604914924
3,50302,288,576,672,0.33042210587883,0.165211052939428,-0.00147020780041696
3,50303,576,576,672,0.33042210587883,-0.16521105293942,0.0014702078004169
3,50304,864,576,672,0.33042210587883,-0.495633158818268,0.000971019604914866
3,60101,0,0,840,-0.357370409953858,0.536055614930763,0.00102082349225697
3,60102,288,0,840,-0.357370409953858,0.178685204976924,0.00152178132757671
3,60103,576,0,840,-0.357370409953858,-0.178685204976915,-0.00152178132757664
3,60104,864,0,840,-0.357370409953858,-0.536055614930754,-0.00102082349225692
3,60201,0,288,840,-1.90907604783525e-14,0.536055614930763,-1.47094841022692e-16
3,60202,288,288,840,-1.90907604783525e-14,0.178685204976924,1.39371694350187e-17
3,60203,576,288,840,-1.90907604783525e-14,-0.178685204976915,-1.44475141474246e-17
3,60204,864,288,840,-1.90907604783525e-14,-0.536055614930754,1.43962918710808e-16
3,60301,0,576,840,0.35737040995382,0.536055614930763,-0.00102082349225726
3,60302,288,576,840,0.35737040995382,0.178685204976924,-0.00152178132757668
3,60303,576,576,840,0.35737040995382,-0.178685204976915,0.00152178132757662
3,60304,864,576,840,0.35737040995382,-0.536055614930754,0.0010208234922572
3,70101,0,0,1008,-0.37127898946095,0.5569184841914,0.00103639493855937
3,70102,288,0,1008,-0.37127898946095,0.18563949473047,0.00153268120962963
3,70103,576,0,1008,-0.37127898946095,-0.18563949473046,-0.00153268120962957
3,70104,864,0,1008,-0.37127898946095,-0.55691848419139,-0.00103639493855931
3,70201,0,288,1008,-1.98165577991931e-14,0.5569184841914,-1.48098180127697e-16
3,70202,288,288,1008,-1.98165577991931e-14,0.18563949473047,1.38438377080401e-17
3,70203,576,288,1008,-1.98165577991931e-14,-0.18563949473046,-1.41612296290586e-17
3,70204,864,288,1008,-1.98165577991931e-14,-0.55691848419139,1.45232451408235e-16
3,70301,0,576,1008,0.37127898946091,0.5569184841914,-0.00103639493855966
3,70302,288,576,1008,0.37127898946091,0.18563949473047,-0.00153268120962961
3,70303,576,576,1008,0.37127898946091,-0.18563949473046,0.00153268120962954
3,70304,864,576,1008,0.37127898946091,-0.55691848419139,0.0010363949385596
4,9902,432,288,168,-2.85406823201233e-16,0.464075310521265,0
4,9903,432,288,336,-2.97681079142775e-16,0.493728439187221,0
4,9904,432,288,504,-1.73692707693714e-16,0.30904156477053,0
4,9905,432,288,672,4.75329072702255e-17,0.00204319236278252,0
4,9906,432,288,840,2.78912637342729e-16,-0.307495915094802,0
4,9907,432,288,1008,5.49464480495469e-16,-0.506372613545852,0
4,10101,0,0,0,0,0,0
4,10102,288,0,0,0,0,0
4,10103,576,0,0,0,0,0
4,10104,864,0,0,0,0,0
4,10201,0,288,0,0,0,0
4,10202,288,288,0,0,0,0
4,10203,576,288,0,0,0,0
4,10204,864,288,0,0,0,0
4,10301,0,576,0,0,0,0
4,10302,288,576,0,0,0,0
4,10303,576,576,0,0,0,0
4,10304,864,576,0,0,0,0
4,20101,0,0,168,1.04354849039989e-16,0.464075310521265,-0.00340969063153509
4,20102,288,0,168,1.04354849039989e-16,0.464075310521265,-0.00341313445227167
4,20103,576,0,168,1.04354849039989e-16,0.464075310521265,-0.00341313445227167
4,20104,864,0,168,1.04354849039989e-16,0.464075310521266,-0.0034096906315351
4,20201,0,288,168,-2.85406823201233e-16,0.464075310521265,3.92185461761922e-18
4,20202,288,288,168,-2.85406823201233e-16,0.464075310521265,-3.65729204594724e-19
4,20203,576,288,168,-2.85406823201233e-16,0.464075310521265,1.90515915242732e-18
4,20204,864,288,168,-2.85406823201233e-16,0.464075310521266,-5.36123448350823e-19
4,20301,0,576,168,-6.75168495442455e-16,0.464075310521265,0.00340969063153511
4,20302,288,576,168,-6.75168495442455e-16,0.464075310521265,0.00341313445227168
4,20303,576,576,168,-6.75168495442455e-16,0.464075310521265,0.00341313445227168
4,20304,864,576,168,-6.75168495442455e-16,0.464075310521266,0.0034096906315351
4,30101,0,0,336,-2.96028175066956e-16,0.493728439187221,-0.0075632559675714
4,30102,288,0,336,-2.96028175066956e-16,0.493728439187221,-0.00756690791209533
4,30103,576,0,336,-2.96028175066956e-16,0.493728439187221,-0.00756690791209534
4,30104,864,0,336,-2.96028175066956e-16,0.493728439187221,-0.00756325596757144
4,30201,0,288,336,-2.97681079142775e-16,0.493728439187221,5.74550156537603e-18
4,30202,288,288,336,-2.97681079142775e-16,0.493728439187221,-1.37146141465389e-18
4,30203,576,288,336,-2.97681079142775e-16,0.493728439187221,3.6267318266233e-18
4,30204,864,288,336,-2.97681079142775e-16,0.493728439187221,1.73447502908682e-19
4,30301,0,576,336,-2.99333983218595e-16,0.493728439187221,0.00756325596757144
4,30302,288,576,336,-2.99333983218595e-16,0.493728439187221,0.00756690791209535
4,30303,576,576,336,-2.99333983218595e-16,0.493728439187221,0.00756690791209534
4,30304,864,576,336,-2.99333983218595e-16,0.493728439187221,0.00756325596757143
4,40101,0,0,504,-2.39815739368036e-16,0.30904156477053,-0.0113829802568822
4,40102,288,0,504,-2.39815739368036e-16,0.30904156477053,-0.011383615281243
4,40103,576,0,504,-2.39815739368036e-16,0.30904156477053,-0.011383615281243
4,40104,864,0,504,-2.39815739368036e-16,0.30904156477053,-0.0113829802568823
4,40201,0,288,504,-1.73692707693714e-16,0.30904156477053,1.06073346820692e-17
4,40202,288,288,504,-1.73692707693714e-16,0.30904156477053,-2.7734195043767e-18
4,40203,576,288,504,-1.73692707693714e-16,0.30904156477053,5.6423344738174e-18
4,40204,864,288,504,-1.73692707693714e-16,0.30904156477053,-4.64114364046831e-18
4,40301,0,576,504,-1.07569676019391e-16,0.30904156477053,0.0113829802568823
4,40302,288,576,504,-1.07569676019391e-16,0.30904156477053,0.0113836152812431
4,40303,576,576,504,-1.07569676019391e-16,0.30904156477053,0.0113836152812431
4,40304,864,576,504,-1.07569676019391e-16,0.30904156477053,0.0113829802568823
4,50101,0,0,672,-3.80790568457852e-18,0.0020431923627826,-0.0141806972318424
4,50102,288,0,672,-3.80790568457852e-18,0.00204319236278255,-0.014173778598078
4,50103,576,0,672,-3.80790568457852e-18,0.00204319236278249,-0.014173778598078
4,50104,864,0,672,-3.80790568457852e-18,0.00204319236278244,-0.0141806972318424
4,50201,0,288,672,4.75329072702255e-17,0.0020431923627826,8.26279779933285e-18
4,50202,288,288,672,4.75329072702255e-17,0.00204319236278255,-3.57938280420612e-18
4,50203,576,288,672,4.75329072702255e-17,0.00204319236278249,7.15284530183401e-18
4,50204,864,288,672,4.75329072702255e-17,0.00204319236278244,-6.41407108007973e-18
4,50301,0,576,672,9.88737202250294e-17,0.0020431923627826,0.0141806972318424
4,50302,288,576,672,9.88737202250294e-17,0.00204319236278255,0.0141737785980781
4,50303,576,576,672,9.88737202250294e-17,0.00204319236278249,0.0141737785980781
4,50304,864,576,672,9.88737202250294e-17,0.00204319236278244,0.0141806972318424
4,60101,0,0,840,2.31862042954666e-16,-0.307495915094802,-0.0156944800916288
4,60102,288,0,840,2.31862042954666e-16,-0.307495915094802,-0.01567957554055
4,60103,576,0,840,2.31862042954666e-16,-0.307495915094802,-0.01567957554055
4,60104,864,0,840,2.31862042954666e-16,-0.307495915094802,-0.0156944800916289
4,60201,0,288,840,2.78912637342729e-16,-0.307495915094802,1.20014545189265e-17
4,60202,288,288,840,2.78912637342729e-16,-0.307495915094802,-4.67247263272101e-18
4,60203,576,288,840,2.78912637342729e-16,-0.307495915094802,8.56673968152457e-18
4,60204,864,288,840,2.78912637342729e-16,-0.307495915094802,-8.23511246149098e-18
4,60301,0,576,840,3.25963231730792e-16,-0.307495915094802,0.0156944800916289
4,60302,288,576,840,3.25963231730792e-16,-0.307495915094802,0.0156795755405501
4,60303,576,576,840,3.25963231730792e-16,-0.307495915094802,0.0156795755405501
4,60304,864,576,840,3.25963231730792e-16,-0.307495915094802,0.0156944800916289
4,70101,0,0,1008,5.86486272591531e-16,-0.506372613545852,-0.0161659756249862
4,70102,288,0,1008,5.86486272591531e-16,-0.506372613545852,-0.0161445764981502
4,70103,576,0,1008,5.86486272591531e-16,-0.506372613545852,-0.0161445764981502
4,70104,864,0,1008,5.86486272591531e-16,-0.506372613545851,-0.0161659756249863
4,70201,0,288,1008,5.49464480495469e-16,-0.506372613545852,1.09934278079029e-17
4,70202,288,288,1008,5.49464480495469e-16,-0.506372613545852,-6.10441277333407e-18
4,70203,576,288,1008,5.49464480495469e-16,-0.506372613545852,8.63662699338678e-18
4,70204,864,288,1008,5.49464480495469e-16,-0.506372613545851,-8.23716198611977e-18
4,70301,0,576,1008,5.12442688399407e-16,-0.506372613545852,0.0161659756249863
4,70302,288,576,1008,5.12442688399407e-16,-0.506372613545852,0.0161445764981502
4,70303,576,576,1008,5.12442688399407e-16,-0.506372613545852,0.0161445764981502
4,70304,864,576,1008,5.12442688399407e-16,-0.506372613545851,0.0161659756249863
5,9902,432,288,168,0.462043573905942,4.2865577818989e-16,0
5,9903,432,288,336,0.494561024468315,4.08005207960159e-16,0
5,9904,432,288,504,0.310903521502722,3.38862186548195e-16,0
5,9905,432,288,672,0.00332001850271022,5.0930368231454e-17,0
5,9906,432,288,840,-0.307159530715519,-2.62285951951165e-16,0
5,9907,432,288,1008,-0.506482875582207,-5.40417292415466e-16,0
5,10101,0,0,0,0,0,0
5,10102,288,0,0,0,0,0
5,10103,576,0,0,0,0,0
5,10104,864,0,0,0,0,0
5,10201,0,288,0,0,0,0
5,10202,288,288,0,0,0,0
5,10203,576,288,0,0,0,0
5,10204,864,288,0,0,0,0
5,10301,0,576,0,0,0,0
5,10302,288,576,0,0,0,0
5,10303,576,576,0,0,0,0
5,10304,864,576,0,0,0,0
5,20101,0,0,168,0.462043573905942,1.34528169732296e-15,-0.00368930646032613
5,20102,288,0,168,0.462043573905942,7.34197751234247e-16,0.000320284514789366
5,20103,576,0,168,0.462043573905942,1.23113805145533e-16,-0.000320284514789376
5,20104,864,0,168,0.462043573905942,-4.87970140943181e-16,0.00368930646032613
5,20201,0,288,168,0.462043573905942,1.34528169732296e-15,-0.0037052878592785
5,20202,288,288,168,0.462043573905942,7.34197751234247e-16,0.000320242725288476
5,20203,576,288,168,0.462043573905942,1.23113805145533e-16,-0.000320242725288477
5,20204,864,288,168,0.462043573905942,-4.87970140943181e-16,0.00370528785927851
5,20301,0,576,168,0.462043573905943,1.34528169732296e-15,-0.00368930646032613
5,20302,288,576,168,0.462043573905943,7.34197751234247e-16,0.000320284514789379
5,20303,576,576,168,0.462043573905943,1.23113805145533e-16,-0.000320284514789375
5,20304,864,576,168,0.462043573905943,-4.87970140943181e-16,0.00368930646032613
5,30101,0,0,336,0.494561024468315,1.54862967672118e-15,-0.00824884556055399
5,30102,288,0,336,0.494561024468315,7.88213364213831e-16,0.00090162903512833
5,30103,576,0,336,0.494561024468315,2.77970517064862e-17,-0.000901629035128349
5,30104,864,0,336,0.494561024468315,-7.32619260800859e-16,0.00824884556055399
5,30201,0,288,336,0.494561024468315,1.54862967672118e-15,-0.00826491349466708
5,30202,288,288,336,0.494561024468315,7.88213364213831e-16,0.000900993087942705
5,30203,576,288,336,0.494561024468315,2.77970517064862e-17,-0.000900993087942706
5,30204,864,288,336,0.494561024468315,-7.32619260800859e-16,0.0082649134946671
5,30301,0,576,336,0.494561024468316,1.54862967672118e-15,-0.00824884556055398
5,30302,288,576,336,0.494561024468316,7.88213364213831e-16,0.000901629035128359
5,30303,576,576,336,0.494561024468316,2.77970517064862e-17,-0.000901629035128349
5,30304,864,576,336,0.494561024468316,-7.32619260800859e-16,0.008248845560554
5,40101,0,0,504,0.310903521502721,1.50491536830973e-15,-0.0124382295067833
5,40102,288,0,504,0.310903521502721,7.27546580468708e-16,0.00143274686322579
5,40103,576,0,504,0.310903521502721,-4.98222073723167e-17,-0.00143274686322582
5,40104,864,0,504,0.310903521502721,-8.27190995213341e-16,0.0124382295067833
5,40201,0,288,504,0.310903521502722,1.50491536830973e-15,-0.0124484700916935
5,40202,288,288,504,0.310903521502722,7.27546580468708e-16,0.00143163597516558
5,40203,576,288,504,0.310903521502722,-4.98222073723167e-17,-0.00143163597516558
5,40204,864,288,504,0.310903521502722,-8.27190995213341e-16,0.0124484700916936
5,40301,0,576,504,0.310903521502723,1.50491536830973e-15,-0.0124382295067833
5,40302,288,576,504,0.310903521502723,7.27546580468708e-16,0.00143274686322584
5,40303,576,576,504,0.310903521502723,-4.98222073723167e-17,-0.00143274686322581
5,40304,864,576,504,0.310903521502723,-8.27190995213341e-16,0.0124382295067833
5,50101,0,0,672,0.0033200185027101,2.31192697543722e-16,-0.0154918609048605
5,50102,288,0,672,0.0033200185027101,1.11017811335544e-16,0.00180964082085784
5,50103,576,0,672,0.0033200185027101,-9.15707487263542e-18,-0.00180964082085786
5,50104,864,0,672,0.0033200185027101,-1.29331961080814e-16,0.0154918609048605
5,50201,0,288,672,0.00332001850271022,2.31192697543722e-16,-0.0154940882087444
5,50202,288,288,672,0.00332001850271022,1.11017811335544e-16,0.00180827097551411
5,50203,576,288,672,0.00332001850271022,-9.15707487263542e-18,-0.00180827097551411
5,50204,864,288,672,0.00332001850271022,-1.29331961080814e-16,0.0154940882087445
5,50301,0,576,672,0.00332001850271034,2.31192697543722e-16,-0.0154918609048605
5,50302,288,576,672,0.00332001850271034,1.11017811335544e-16,0.0018096408208579
5,50303,576,576,672,0.00332001850271034,-9.15707487263542e-18,-0.00180964082085787
5,50304,864,576,672,0.00332001850271034,-1.29331961080814e-16,0.0154918609048605
5,60101,0,0,840,-0.307159530715519,-1.15853088182368e-15,-0.0171261416583045
5,60102,288,0,840,-0.307159530715519,-5.61034261908668e-16,0.00198708339497916
5,60103,576,0,840,-0.307159530715519,3.64623580063385e-17,-0.0019870833949792
5,60104,864,0,840,-0.307159530715519,6.33958977921346e-16,0.0171261416583045
5,60201,0,288,840,-0.307159530715519,-1.15853088182368e-15,-0.0171226204399495
5,60202,288,288,840,-0.307159530715519,-5.61034261908668e-16,0.00198566783005382
5,60203,576,288,840,-0.307159530715519,3.64623580063385e-17,-0.00198566783005382
5,60204,864,288,840,-0.307159530715519,6.33958977921346e-16,0.0171226204399495
5,60301,0,576,840,-0.30715953071552,-1.15853088182368e-15,-0.0171261416583045
5,60302,288,576,840,-0.30715953071552,-5.61034261908668e-16,0.00198708339497922
5,60303,576,576,840,-0.30715953071552,3.64623580063385e-17,-0.00198708339497919
5,60304,864,576,840,-0.30715953071552,6.33958977921346e-16,0.0171261416583045
5,70101,0,0,1008,-0.506482875582207,-1.60110130685964e-15,-0.0176193697778418
5,70102,288,0,1008,-0.506482875582207,-8.93978630563525e-16,0.00204020426780998
5,70103,576,0,1008,-0.506482875582207,-1.86855954267408e-16,-0.00204020426781002
5,70104,864,0,1008,-0.506482875582207,5.20266722028709e-16,0.0176193697778418
5,70201,0,288,1008,-0.506482875582207,-1.60110130685964e-15,-0.0176135530501927
5,70202,288,288,1008,-0.506482875582207,-8.93978630563525e-16,0.00203844126643906
5,70203,576,288,1008,-0.506482875582207,-1.86855954267408e-16,-0.00203844126643906
5,70204,864,288,1008,-0.506482875582207,5.20266722028709e-16,0.0176135530501927
5,70301,0,576,1008,-0.506482875582208,-1.60110130685964e-15,-0.0176193697778418
5,70302,288,576,1008,-0.506482875582208,-8.93978630563525e-16,0.00204020426781004
5,70303,576,576,1008,-0.506482875582208,-1.86855954267408e-16,-0.00204020426781002
5,70304,864,576,1008,-0.506482875582208,5.20266722028709e-16,0.0176193697778418
6,9902,432,288,168,-8.58207495519085e-16,4.40665069350168e-18,0
6,9903,432,288,336,-9.41628521960009e-16,5.88529984905091e-17,0
6,9904,432,288,504,-5.18198022524839e-16,6.37327387494647e-17,0
6,9905,432,288,672,1.38754570518724e-16,-1.04017495139783e-16,0
6,9906,432,288,840,7.19910622887522e-16,-2.19720262518359e-16,0
6,9907,432,288,1008,1.05092174111595e-15,-4.70325965664417e-16,0
6,10101,0,0,0,0,0,0
6,10102,288,0,0,0,0,0
6,10103,576,0,0,0,0,0
6,10104,864,0,0,0,0,0
6,10201,0,288,0,0,0,0
6,10202,288,288,0,0,0,0
6,10203,576,288,0,0,0,0
6,10204,864,288,0,0,0,0
6,10301,0,576,0,0,0,0
6,10302,288,576,0,0,0,0
6,10303,576,576,0,0,0,0
6,10304,864,576,0,0,0,0
6,20101,0,0,168,-0.360471848192861,0.54070777228929,-0.00109882663055073
6,20102,288,0,168,-0.360471848192861,0.18023592409643,-0.00158230146106274
6,20103,576,0,168,-0.360471848192861,-0.18023592409643,0.00158230146106275
6,20104,864,0,168,-0.360471848192861,-0.54070777228929,0.00109882663055073
6,20201,0,288,168,-8.58207495519085e-16,0.54070777228929,8.17283934545035e-18
6,20202,288,288,168,-8.58207495519085e-16,0.18023592409643,2.60554979992988e-19
6,20203,576,288,168,-8.58207495519085e-16,-0.18023592409643,-7.03163508322872e-19
6,20204,864,288,168,-8.58207495519085e-16,-0.54070777228929,-7.47023870490414e-18
6,20301,0,576,168,0.360471848192859,0.54070777228929,0.00109882663055075
6,20302,288,576,168,0.360471848192859,0.18023592409643,0.00158230146106275
6,20303,576,576,168,0.360471848192859,-0.18023592409643,-0.00158230146106275
6,20304,864,576,168,0.360471848192859,-0.54070777228929,-0.00109882663055075
6,30101,0,0,336,-0.383356136811542,0.575034205217312,-0.00239197999656601
6,30102,288,0,336,-0.383356136811542,0.191678068405771,-0.00365414764232413
6,30103,576,0,336,-0.383356136811542,-0.191678068405771,0.00365414764232414
6,30104,864,0,336,-0.383356136811542,-0.575034205217312,0.00239197999656601
6,30201,0,288,336,-9.41628521960009e-16,0.575034205217312,1.81477703867371e-17
6,30202,288,288,336,-9.41628521960009e-16,0.191678068405771,-2.82965806297043e-19
6,30203,576,288,336,-9.41628521960009e-16,-0.191678068405771,-1.52675525953187e-19
6,30204,864,288,336,-9.41628521960009e-16,-0.575034205217312,-1.54367756599933e-17
6,30301,0,576,336,0.38335613681154,0.575034205217312,0.00239197999656604
6,30302,288,576,336,0.38335613681154,0.191678068405771,0.00365414764232414
6,30303,576,576,336,0.38335613681154,-0.191678068405771,-0.00365414764232414
6,30304,864,576,336,0.38335613681154,-0.575034205217312,-0.00239197999656604
6,40101,0,0,504,-0.23796975983757,0.356954639756355,-0.00359050999104515
6,40102,288,0,504,-0.23796975983757,0.118984879918785,-0.00555032929245616
6,40103,576,0,504,-0.23796975983757,-0.118984879918785,0.00555032929245616
6,40104,864,0,504,-0.23796975983757,-0.356954639756355,0.00359050999104515
6,40201,0,288,504,-5.18198022524839e-16,0.356954639756355,2.57440937181387e-17
6,40202,288,288,504,-5.18198022524839e-16,0.118984879918785,-5.40637894340239e-19
6,40203,576,288,504,-5.18198022524839e-16,-0.118984879918785,2.42225065102011e-19
6,40204,864,288,504,-5.18198022524839e-16,-0.356954639756355,-2.3193098806258e-17
6,40301,0,576,504,0.237969759837569,0.356954639756355,0.00359050999104521
6,40302,288,576,504,0.237969759837569,0.118984879918785,0.00555032929245617
6,40303,576,576,504,0.237969759837569,-0.118984879918785,-0.00555032929245616
6,40304,864,576,504,0.237969759837569,-0.356954639756355,-0.0035905099910452
6,50101,0,0,672,0.00249044462659911,-0.00373566693989857,-0.00447789966230204
6,50102,288,0,672,0.00249044462659911,-0.00124522231329959,-0.0069203160098397
6,50103,576,0,672,0.00249044462659911,0.00124522231329938,0.0069203160098397
6,50104,864,0,672,0.00249044462659911,0.00373566693989836,0.00447789966230205
6,50201,0,288,672,1.38754570518724e-16,-0.00373566693989857,3.2832998858244e-17
6,50202,288,288,672,1.38754570518724e-16,-0.00124522231329959,-5.82380130861016e-19
6,50203,576,288,672,1.38754570518724e-16,0.00124522231329938,9.72515860479743e-19
6,50204,864,288,672,1.38754570518724e-16,0.00373566693989836,-2.92579823282298e-17
6,50301,0,576,672,-0.00249044462659884,-0.00373566693989857,0.00447789966230211
6,50302,288,576,672,-0.00249044462659884,-0.00124522231329959,0.00692031600983971
6,50303,576,576,672,-0.00249044462659884,0.00124522231329938,-0.00692031600983971
6,50304,864,576,672,-0.00249044462659884,0.00373566693989836,-0.0044778996623021
6,60101,0,0,840,0.242609292107354,-0.36391393816103,-0.00496738947977701
6,60102,288,0,840,0.242609292107354,-0.121304646053677,-0.00763234071624432
6,60103,576,0,840,0.242609292107354,0.121304646053676,0.00763234071624432
6,60104,864,0,840,0.242609292107354,0.36391393816103,0.00496738947977701
6,60201,0,288,840,7.19910622887522e-16,-0.36391393816103,3.78301597734372e-17
6,60202,288,288,840,7.19910622887522e-16,-0.121304646053677,-1.23962436463905e-18
6,60203,576,288,840,7.19910622887522e-16,0.121304646053676,1.01865340467514e-18
6,60204,864,288,840,7.19910622887522e-16,0.36391393816103,-3.32539097920621e-17
6,60301,0,576,840,-0.242609292107352,-0.36391393816103,0.00496738947977708
6,60302,288,576,840,-0.242609292107352,-0.121304646053677,0.00763234071624433
6,60303,576,576,840,-0.242609292107352,0.121304646053676,-0.00763234071624433
6,60304,864,576,840,-0.242609292107352,0.36391393816103,-0.00496738947977706
6,70101,0,0,1008,0.393384977888673,-0.590077466833008,-0.00513018106167577
6,70102,288,0,1008,0.393384977888673,-0.196692488944336,-0.00784854198054466
6,70103,576,0,1008,0.393384977888673,0.196692488944335,0.00784854198054466
6,70104,864,0,1008,0.393384977888673,0.590077466833007,0.00513018106167577
6,70201,0,288,1008,1.05092174111595e-15,-0.590077466833008,3.62251238065613e-17
6,70202,288,288,1008,1.05092174111595e-15,-0.196692488944336,-7.67539683267795e-19
6,70203,576,288,1008,1.05092174111595e-15,0.196692488944335,1.05303367952457e-18
6,70204,864,288,1008,1.05092174111595e-15,0.590077466833007,-3.35667943775615e-17
6,70301,0,576,1008,-0.393384977888671,-0.590077466833008,0.00513018106167583
6,70302,288,576,1008,-0.393384977888671,-0.196692488944336,0.00784854198054467
6,70303,576,576,1008,-0.393384977888671,0.196692488944335,-0.00784854198054466
6,70304,864,576,1008,-0.393384977888671,0.590077466833007,-0.00513018106167583
