NodeTag,X,Y,Z
9902,432,288,168
9903,432,288,336
9904,432,288,504
9905,432,288,672
9906,432,288,840
9907,432,288,1008
10101,0,0,0
10102,288,0,0
10103,576,0,0
10104,864,0,0
10201,0,288,0
10202,288,288,0
10203,576,288,0
10204,864,288,0
10301,0,576,0
10302,288,576,0
10303,576,576,0
10304,864,576,0
20101,0,0,168
20102,288,0,168
20103,576,0,168
20104,864,0,168
20201,0,288,168
20202,288,288,168
20203,576,288,168
20204,864,288,168
20301,0,576,168
20302,288,576,168
20303,576,576,168
20304,864,576,168
30101,0,0,336
30102,288,0,336
30103,576,0,336
30104,864,0,336
30201,0,288,336
30202,288,288,336
30203,576,288,336
30204,864,288,336
30301,0,576,336
30302,288,576,336
30303,576,576,336
30304,864,576,336
40101,0,0,504
40102,288,0,504
40103,576,0,504
40104,864,0,504
40201,0,288,504
40202,288,288,504
40203,576,288,504
40204,864,288,504
40301,0,576,504
40302,288,576,504
40303,576,576,504
40304,864,576,504
50101,0,0,672
50102,288,0,672
50103,576,0,672
50104,864,0,672
50201,0,288,672
50202,288,288,672
50203,576,288,672
50204,864,288,672
50301,0,576,672
50302,288,576,672
50303,576,576,672
50304,864,576,672
60101,0,0,840
60102,288,0,840
60103,576,0,840
60104,864,0,840
60201,0,288,840
60202,288,288,840
60203,576,288,840
60204,864,288,840
60301,0,576,840
60302,288,576,840
60303,576,576,840
60304,864,576,840
70101,0,0,1008
70102,288,0,1008
70103,576,0,1008
70104,864,0,1008
70201,0,288,1008
70202,288,288,1008
70203,576,288,1008
70204,864,288,1008
70301,0,576,1008
70302,288,576,1008
70303,576,576,1008
70304,864,576,1008
