ActualDOF,Solver,RelativeTipError,RepeatedSpeedup
100,CuDSSGeneral,3.58426304176323e-15,0.421563192904656
100,CuDSSSPD,1.30314244362269e-15,0.94472049689441
100,UmfPack,0,1
100,SuperLU,3.25838379518249e-15,1.60443037974684
100,SparseSPD,3.26156201705122e-15,2.09937888198758
500,CuDSSGeneral,4.00295785402777e-15,3.01026159849689
500,CuDSSSPD,1.50446750935195e-14,2.58476048647307
500,UmfPack,0,1
500,SuperLU,5.77929675233586e-15,1.22230046948357
500,SparseSPD,4.15962234081655e-15,1.66797469368143
1000,CuDSSGeneral,3.03735289793904e-15,5.94120012061514
1000,CuDSSSPD,3.63714190586176e-16,6.06308339316853
1000,UmfPack,0,1
1000,SuperLU,7.97658782735979e-15,1.98739156748033
1000,SparseSPD,3.19943633600937e-15,2.73058622441909
2000,CuDSSGeneral,1.81388414780781e-14,4.91113462047077
2000,CuDSSSPD,5.58368229821139e-15,6.03183368523632
2000,UmfPack,0,1
2000,SuperLU,5.27733207798155e-15,1.70896094732644
2000,SparseSPD,1.5434462195903e-14,2.17435597189696
5000,CuDSSGeneral,4.84898291280445e-14,4.4353634939648
5000,CuDSSSPD,3.51294941334251e-14,5.16990656213081
5000,UmfPack,0,1
5000,SuperLU,1.81515523207515e-14,0.989870367019264
5000,SparseSPD,4.34182770887654e-15,1.29117312561693
10004,CuDSSGeneral,3.14539012583781e-14,4.38726363096752
10004,CuDSSSPD,2.55850708594836e-14,4.74056013112484
10004,UmfPack,0,1
10004,SuperLU,5.49572327279889e-14,0.773419281542949
10004,SparseSPD,4.14527969215549e-14,1.09998724381325
20000,CuDSSGeneral,3.46149565260599e-14,4.61773256434447
20000,CuDSSSPD,3.57345633811588e-14,4.79128462717375
20000,UmfPack,0,1
20000,SuperLU,1.81020690409226e-14,0.672618329563021
20000,SparseSPD,3.81938238589987e-14,0.984718828631668
49984,CuDSSGeneral,1.74931593441079e-13,4.3344014322859
49984,CuDSSSPD,1.08756574439448e-13,4.81473582127836
49984,UmfPack,0,1
49984,SuperLU,3.36359592666852e-14,0.461803226865336
49984,SparseSPD,2.10787287747689e-13,0.771956875799621
100014,CuDSSGeneral,2.31871590338846e-13,6.06469062183067
100014,CuDSSSPD,3.63122128669919e-13,6.23372392212939
100014,UmfPack,0,1
100014,SuperLU,2.46502358803842e-13,0.438268909617727
100014,SparseSPD,2.82726898758753e-13,0.817956429580482
1000272,CuDSSGeneral,1.78182066548395e-12,6.88601885208721
1000272,CuDSSSPD,1.49810696730183e-12,6.86081080257624
1000272,UmfPack,0,1
1000272,SuperLU,2.13997027245731e-12,0.125580333067356
1000272,SparseSPD,2.1801125347194e-13,0.321319137509647
