ActualDOF,Solver,FirstAnalyzeSeconds,RepeatedAnalyzeSeconds
100,CuDSSGeneral,0.0662633,0.0007216
100,CuDSSSPD,0.0946821,0.000322
100,UmfPack,0.0009331,0.0003042
100,SuperLU,0.0020922,0.0001896
100,SparseSPD,0.0009803,0.0001449
500,CuDSSGeneral,0.0755685,0.0006919
500,CuDSSSPD,0.0656705,0.0008058
500,UmfPack,0.0038204,0.0020828
500,SuperLU,0.0030872,0.001704
500,SparseSPD,0.0026897,0.0012487
1000,CuDSSGeneral,0.0667748,0.0009949
1000,CuDSSSPD,0.0684808,0.0009749
1000,UmfPack,0.0093055,0.0059109
1000,SuperLU,0.0066914,0.0029742
1000,SparseSPD,0.0059482,0.0021647
2000,CuDSSGeneral,0.0798683,0.0022686
2000,CuDSSSPD,0.078221,0.0018471
2000,UmfPack,0.0165531,0.0111414
2000,SuperLU,0.0137863,0.0065194
2000,SparseSPD,0.0120059,0.005124
5000,CuDSSGeneral,0.1025159,0.0054265
5000,CuDSSSPD,0.1004348,0.0046555
5000,UmfPack,0.0411446,0.0240685
5000,SuperLU,0.0399046,0.0243148
5000,SparseSPD,0.0331757,0.0186408
10004,CuDSSGeneral,0.1466668,0.0106137
10004,CuDSSSPD,0.1381064,0.0098227
10004,UmfPack,0.0822381,0.0465651
10004,SuperLU,0.0941649,0.0602068
10004,SparseSPD,0.0808933,0.0423324
20000,CuDSSGeneral,0.2414384,0.0234247
20000,CuDSSSPD,0.2214311,0.0225762
20000,UmfPack,0.178287,0.108169
20000,SuperLU,0.2361727,0.1608178
20000,SparseSPD,0.1751953,0.1098476
49984,CuDSSGeneral,0.5173521,0.0632276
49984,CuDSSSPD,0.4627031,0.0569198
49984,UmfPack,0.4979719,0.2740538
49984,SuperLU,0.7738774,0.5934428
49984,SparseSPD,0.520436,0.3550118
100014,CuDSSGeneral,1.0268143,0.1164481
100014,CuDSSSPD,0.899067,0.1132905
100014,UmfPack,1.103657,0.7062217
100014,SuperLU,2.0535374,1.611389
100014,SparseSPD,1.2467256,0.8633977
1000272,CuDSSGeneral,10.6244544,1.2753495
1000272,CuDSSSPD,9.5921919,1.2800354
1000272,UmfPack,14.2545454,8.7820807
1000272,SuperLU,76.0582505,69.9319749
1000272,SparseSPD,32.1778504,27.3313341
